# Hand-authored mnemonics, one per compound kanji.
#
# Read by tools/build_kanji_components.py, which checks that every line here
# actually uses each of its kanji's component keywords and warns about any
# that don't. A kanji with no line here falls back to the mechanical
# arrangement template in that script.
#
# House rules for writing one:
#   * Name every component by the keyword it carries in
#     component-keywords.tsv, spelled exactly the same way, so a learner
#     meets the same word for that shape everywhere it appears.
#   * Say where the parts sit — above, below, beside, inside, wrapped
#     around, hanging over. The arrangement is half of what is being learnt.
#   * Land on the kanji's own meaning. One or two sentences, no more.
#   * Written from the component keywords and nothing else. No mnemonic
#     source was consulted for any line in this file — see
#     kanji-mnemonic-plan.md §2.4 and §2.6.4.
#
# Columns: kanji <TAB> mnemonic
#
# ---- grade 1 ----
休	A person has stopped beside a tree, back against the bark. That is what rest looks like.
六	A lid clamped down over eight: squash two out and six is what is left.
千	One slash laid across ten, and ten swells into a thousand.
名	Evening falls, too dark to see a face, so the mouth underneath calls out a name.
四	An enclosure with legs kicking about inside it — four walls, four legs, four.
天	One flat line resting on top of someone big: even the biggest of us has sky above.
字	A child under a roof, bent over a desk, practising one character at a time.
文	A lid, and under it a cut scratched into the surface. That scratch is writing.
早	The sun is already ten hands above the horizon, so you are up early.
村	Trees on the left, measure on the right: pace out the trees and you have a village.
校	A tree on the left, mix on the right: wooden desks where children mix together all day. School.
森	One tree standing over a whole grove below it — a forest.
気	Steam curling round a cut in the lid — the invisible spirit rising out of the pot.
男	A rice field, and beneath it the strength that works it: the man in the fields.
町	Rice fields on the left, a nail on the right, pinning them into neat blocks. A town.
百	One stroke laid on top of white: a hundred blank pages waiting.
空	Craft a hole wide enough and what is left above you is empty sky.
花	Grass on top, and underneath it change: grass that has changed into a flower.
草	Grass on top and early below — grass is up first thing every morning.
見	An eye up on two legs, walking about to see.
貝	An eye with eight little legs scuttling under it: a shellfish.
足	A mouth above, stop below. The foot carries you and knows when to halt.
青	A sprout below the moon takes on a cold blue.
音	Stand up in the sun and let out a sound.
# ---- grade 2 ----
交	A lid over father, and the whole household gathers underneath to mingle.
会	One person standing above a cloud of others — a meeting.
体	A person beside their own origin: the body you started out in.
何	A person on the left, can on the right. A person asking whether they can — what?
作	A person who suddenly starts making things.
元	Two lines resting on a pair of legs: stand up straight at the beginning.
兄	A mouth up on legs, telling you what to do. Your elder brother.
光	Small sparks scattered over something lofty: light.
公	Eight arms prying open what is private below, and it becomes public.
冬	A winter's foot dragging over two chips of ice.
分	Eight above, a sword below. Everything gets cut into parts.
切	Seven strokes beside a sword: cut.
友	One hand reaching round to clasp another hand inside it. Friends.
古	A story ten mouths have passed along — it has to be old by now.
台	Something private held up over a mouth: set it on a pedestal.
同	An open box enclosing one mouth, and everyone in it says the same thing.
回	A mouth inside an enclosure, going round and round: one more time.
図	Small cuts scratched inside an enclosure. That is a map.
国	A jewel walled up inside an enclosure: a country.
園	An enclosure you stroll around in a long robe. The garden.
地	Earth on the left, a snake sliding over it on the right: the ground.
場	Earth with sunbeams falling across it — an open place.
外	Evening on the left, fortune-telling on the right: read the omens outside.
太	Big already, and one dot more underneath. Plump.
妹	A woman not yet grown: your younger sister.
姉	The woman who takes you to market. Your elder sister.
室	Arrive under a roof and you have reached the room.
家	A pig under the roof. That, historically, is a house.
寺	Earth measured out by the inch: the temple grounds.
岩	A mountain sitting on top of a stone. A boulder.
市	A lid over a cloth stall: the market.
帰	Put down the knife, pick up the broom. You have come home.
広	A lean-to hanging over something private, with room to spare underneath. Wide.
店	Divination under a lean-to roof: a shop with a fortune-teller out front.
引	A bow on the left, a straight line on the right, drawn back. Pull.
当	Small marks over a hand, and the hand lands on the right one. A hit.
形	Level lines on the left, hair strokes trailing on the right: shape.
思	A rice field above a heart, ploughing the same row over and over. Think.
教	Filial piety on the left, a light strike on the right. That is teaching.
数	Strike an entangled heap apart and count what falls out. Number.
明	Sun beside moon. Nothing is brighter.
星	A little sun that comes to life only at night: a star.
時	The sun beside the Buddhist temple bell — that is how you tell the time.
晴	Sun beside blue and the weather clears up.
曜	The sun with a pheasant beside it, one bird for each weekday.
書	A brush above the sun: write until the light goes.
歩	Stop on top, a few more below. Stop, a few more, stop again. Walking.
池	Water with a snake winding through it: the pond.
汽	Water on the left, steam on the right. Vapour.
活	Water on the tongue and suddenly you are lively again.
海	Every drop of water there is, gathered in one place: the sea.
点	Divination over a fire, and the flame leaves little scorch spots.
理	A king beside his village, putting everything in its place. Logic.
番	Divide the rice field below and everyone takes a turn on their strip.
知	An arrow flying straight out of the mouth: you know it.
社	An altar beside earth, and everyone in the district belongs to it. A company.
秋	Grain on the left, fire on the right, burning off the stubble. Autumn.
科	Grain measured out with a dipper and sorted into departments.
答	Bamboo slips joined together underneath: the answer.
紙	Thread beaten flat for the whole clan to write on. Paper.
細	Thread laid across a rice field, and every furrow looks thin beside it.
組	Thread beside a pile of it, braided together into a group.
絵	Threads meeting on cloth: a picture.
線	Thread running on and on like a spring: a line.
聞	An ear inside the gate, listening to everyone who comes through.
船	A boat beside the marsh: a ship.
色	A bending person over a coil, and the colour rises in their face.
計	Words beside ten: count it out and you have a plan.
記	Words beside self: write down what happened to you.
話	Words and a tongue together: a tale.
語	Words for I, words for you — language.
読	Words beside sell: read the label before you buy.
買	A net thrown over shells, and shells are money. Buy.
走	Earth above, stop below. Run across the ground until you stop.
近	A road wrapped round an axe, close enough to fetch it. Near.
通	A road wrapped round a walled path — go straight through.
週	A road wrapped round a circuit: seven days, and back where you started. A week.
道	A road wrapping round a neck, leading you on. The way.
遠	A road wrapped round a long robe, the hem trailing off into the distance. Far.
野	Village on the left, beforehand on the right: what was there before the village. Open plains.
間	Sun in the gateway, and light in the gap is the interval itself.
雪	Rain above a hand: rain you can hold. Snow.
雲	Rain on top and cloud below, because rain has to come from somewhere.
頭	A bean beside a head, and the head is about that size. The head.
顔	A youth beside a head: the face you look at.
鳴	A mouth beside a bird: the chirp.
麦	A sprout above a winter's foot, pushing up through the frost. Barley.
黒	A village over a fire, and the soot turns everything black.
# ---- grade 3 ----
主	A lid resting on the king below: the master of the house.
仕	A person beside a scholar, attending on them.
他	A person on the left, a snake on the right — somebody else entirely. Other.
代	A person beside a stake driven in to mark their place while they are away. A substitute.
住	A person beside the master of the house, living under the same roof. Dwell.
使	A person beside an official, sent out on an errand. Use.
係	A person beside a lineage, holding the thread of it. The one in charge.
倍	A person beside spit, saying it twice over. Double.
全	One person above the king, and together that is everyone. Whole.
写	A cover on top, give underneath: copy it out and hand it over.
列	Bone on the left, knife on the right: laid out in a row.
助	A pile on the left, strength on the right, shifting it. Help.
勉	Excuse wrapped round strength — no excuse left, so put your back into it. Exertion.
動	Heavy on the left, strength on the right: move it.
勝	Moon on the left, weary on the right — outlast them and win.
化	A person beside a spoon, stirred into something else. Change.
区	A hiding box with a cut inside it, dividing the town into wards.
医	A hiding box with an arrow inside: pull the arrow out and treat the wound. Doctor.
去	Earth on top, private below — bury it and it is gone.
取	An ear on the left, a hand on the right, taking hold of it.
君	A governor hanging over a mouth, giving the orders. Mister, ruler.
味	A mouth on the left, not yet on the right: not tasted yet. Flavour.
和	Grain on the left, a mouth on the right, and everyone fed. Harmony.
員	A mouth above a shell — one mouth to pay for, one member of staff.
商	Stand on top, bright below: set out your stall and make a deal.
問	A mouth inside the gate, calling in a question.
坂	Earth on the left, turn back on the right: too steep, turn back. A slope.
始	A woman beside a pedestal: everything begins here.
委	Grain on top, a woman below, entrusted with the harvest.
守	A roof over measure: guard every inch of what is under it.
安	A woman under a roof, and the household relaxes.
定	A roof over a foot, planted and settled. Determine.
客	A roof over each and every arrival: a guest.
宮	A roof over a spine of linked rooms: a palace.
宿	A roof over a hundred travellers: an inn.
対	Writing on the left, measure on the right, set opposite each other.
局	A body hanging over a phrase, hunched at a desk. The bureau.
屋	A body hanging over arrive — you have arrived under the roof. A house.
帳	Cloth on the left, long on the right: a long roll of cloth to write on. A notebook.
庫	A lean-to hanging over a cart: the warehouse it is parked in.
庭	A lean-to hanging over a court: the courtyard.
式	A stake enclosing craft, and the craft is done the same way every time. A ceremony.
役	A step on the left, a weapon on the right: marched off on duty.
待	A step on the left, a Buddhist temple on the right: pace the temple yard and wait.
息	Self on top, heart below: your own heart, and the breath it drives.
悪	Second above a heart: a heart that comes second. Bad.
悲	Not above a heart: the heart says no. Grief.
想	Mutual above a heart: two hearts thinking the same thought. An idea.
意	Sound above a heart: what the heart is trying to say. Meaning.
感	All above a heart, all at once. Feeling.
所	A door on the left, an axe on the right — the place they are kept.
打	A hand on the left, a nail on the right. Strike.
投	A hand on the left, a weapon on the right, hurled. Throw.
拾	A hand on the left, join on the right: gather it up.
持	A hand on the left, a Buddhist temple on the right, holding the whole thing steady.
指	A hand on the left, delicious on the right — the finger that points at the best dish.
放	Direction on the left, a strike on the right: strike out in any direction. Set free.
整	An imperial order on top, correct below: everything put in order.
昭	The sun on the left, summon on the right: call the sun out and it shines.
暑	The sun above a person, beating down. Sultry.
暗	The sun on the left, sound on the right — you can hear it but not see it. Darkness.
期	That on the left, moon on the right: that moon, that date. A period.
板	A tree on the left, turn back on the right: sawn and turned over. A plank.
柱	A tree on the left, the master on the right: the tree the whole house leans on. A pillar.
根	A tree on the left, stopping on the right — where the tree stops going down. The root.
植	A tree on the left, straight on the right: stand it up straight and plant it.
横	A tree on the left, yellow on the right, felled and lying sideways.
橋	A tree on the left, tall on the right: tall timber laid across. A bridge.
次	Ice on the left, a yawn on the right — cold and bored, waiting for the next one.
決	Water on the left, decide on the right: the water has to go one way. Decide.
油	Water on the left, reason on the right — water that will not mix. Oil.
波	Water on the left, skin on the right: the skin of the water. Waves.
注	Water on the left, the master on the right: pour for the master.
泳	Water on the left, eternity on the right: swim on and on.
洋	Water on the left, a sheep on the right, drifting off overseas. The ocean.
流	Water on the left, a pennant on the right, streaming out. Flow.
消	Water on the left, resemblance on the right: pour water on it until it no longer resembles itself. Extinguish.
温	Water on the left, warm on the right. Warm water.
港	Water on the left, an alley on the right: an alley of water. The harbour.
湖	Water on the left, a barbarian on the right, camped at the water's edge. A lake.
湯	Water on the left, sunbeams on the right, heating it. Hot water.
炭	A mountain above ashes: dig into the hillside and bring out coal.
物	A cow on the left, not on the right — a cow and not-a-cow, and between them, everything. A thing.
球	The king on the left, seek on the right: the jewel everyone is chasing. A ball.
界	A rice field above mediate: something has to sit between the fields. A boundary.
畑	Fire on the left, a rice field on the right: burn it off and it becomes dry field.
病	Sickness hanging over third: taken ill and third in the queue.
登	A tent on top, a bean below: climb up to pitch it.
相	A tree on the left, an eye on the right, looking each other over. Mutual.
真	Ten above a tool: ten tools all agreeing. True.
短	An arrow on the left, a bean on the right: as long as an arrow, as short as a bean.
研	Stone on the left, level on the right: grind it level. Polish.
礼	An altar on the left, a hook on the right, bowing low. A salute.
神	An altar on the left, state on the right: what is stated at the altar. The gods.
福	An altar on the left, full on the right: a full jar set at the altar. Blessing.
秒	Grain on the left, few on the right — a few grains through the glass. A second.
究	A hole on top, nine below: dig nine holes and you are doing research.
章	Sound above early: the first sound, and the chapter it opens.
童	Stand above a village: the child standing about in the village.
笛	Bamboo on top, reason below: bamboo with a reason to be hollow. A flute.
筆	Bamboo above a brush: the bamboo handle of the writing brush.
等	Bamboo above a Buddhist temple: bamboo slips in the temple, all cut to one length. Class, and so forth.
箱	Bamboo above mutual: bamboo sides facing each other. A box.
級	Thread on the left, reach on the right: how far up the thread you have reached. A grade.
終	Thread on the left, winter on the right: the thread runs out in winter. The end.
緑	Thread on the left, carve on the right: carved and dyed. Green.
練	Thread on the left, east on the right: work the thread until the sun is up. Practice.
美	A sheep above big: a big sheep. Beauty.
習	Feathers above white: a white-feathered fledgling flapping until it learns.
者	Old hanging over the sun: someone who has seen many days. A person.
苦	Grass above old: old grass, bitter to chew. Suffering.
荷	Grass above what: grass and what else is on your back? A load.
落	Grass above the capital: the leaves come down all over town. Fall.
葉	Grass above a flat board: pressed flat. A leaf.
薬	Grass above music: the grass that makes you well enough to sing. Medicine.
詩	Words on the left, a Buddhist temple on the right: words with temple weight. A poem.
調	Words on the left, a circuit on the right: run the words round until they are in tune.
談	Words on the left, flames on the right: talk around the fire.
負	A bending person above a shell: bent under the debt. Defeat.
起	Run wrapped round self: get yourself up and running.
路	A foot on the left, each on the right: each foot in turn along the path.
転	A cart on the left, a cloud on the right, wheels turning like cloud.
軽	A cart on the left, holy on the right: light enough for anyone to pull.
農	Bend above a dragon: bend your back from dawn. Agriculture.
返	A road wrapped round turn back: turn back along the road. Return.
追	A road wrapped round a heap: follow the heaped tracks. Chase.
送	A road wrapped round a frontier pass: see them off at the pass. Escort.
速	A road wrapped round a bundle: bundle it up and go. Quick.
進	A road wrapped round a small bird: birds go forward and never back. Advance.
遊	A road wrapped round roam: wander wherever it goes. Play.
運	A road wrapped round an army, moving it. Carry, and the luck it takes.
部	Spit on the left, a village on the right: the village split into sections.
都	A person on the left, a village on the right: village upon village. The metropolis.
配	A wine jar on the left, self on the right: pour yourself a cup and hand the rest round. Distribute.
酒	Water on the left, a wine jar on the right. Sake.
鉄	Metal on the left, lose on the right: the metal you can afford to lose. Iron.
銀	Metal on the left, stopping on the right: metal one stop below gold. Silver.
開	Level inside the gate: pull the bar level and the gate opens.
院	A hill on the left, complete on the right: the completed building on the hill. An institution.
陽	A hill on the left, sunbeams on the right: the sunny side of the hill.
階	A hill on the left, all on the right — a hill for everybody, cut into steps. A storey.
集	A small bird above a tree, and then another, and another. Gather.
題	Correct wrapped round a head: get the heading right. A topic.
飲	Food on the left, a yawn on the right: mouth open. Drink.
館	Food on the left, an official on the right: the official building where you are fed. A mansion.
駅	A horse on the left, a ruler on the right: horses measured out along the road. A station.
鼻	Self above give: the part of yourself that gives you away. The nose.
#
# ---- kanji with a breakdown, authored to replace a template ----
学	Small marks under a cover, and a child underneath taking them all in. Study.
京	A lid over a mouth over something small — a tower stacked up on a hill. The capital.
今	A person under a roof with one line ruled beneath them: right here, right now.
南	Ten over an open box with a dry frame inside — a shed turned to face the warm south.
合	A person over one line over a mouth: lid, seal and jar, all fitting together.
売	A scholar up on a cover with legs under it — the stall he sells from.
夏	One line laid over self, with a winter's foot dragging below — the season that walks the other way.
夜	A lid pulled over a person still out in the evening. Night.
弟	Eight over condolences with a slash through it — the younger brother, always last in line.
弱	Two bows, each with ice on it. Frozen through and ready to snap. Weak.
強	A bow on the left, and on the right a private insect that turns out to be stronger than it looks.
後	A step, a tiny thread, and a winter's foot dragging along behind it.
新	Stand a tree up and take an axe to it — fresh-cut timber. New.
楽	White with ice either side of it, up on a tree: a rack of bells. Music.
歌	Big brother on the left, a yawn on the right, mouth wide open. A song.
算	Bamboo over an eye over twenty — counting rods, watched very carefully.
茶	Grass over a person over a tree: leaves picked off the bush. Tea.
親	Stand by a tree and see — a parent watching from just far enough away.
電	Rain on top with a sun trapped underneath it, flashing on and off. Lightning.
風	A table tipped on its side with an insect blown in under it. Wind.
高	A lid, a mouth, and open country underneath — a tower you can see for miles.
魚	A bending person for a head, a rice field for a body, fire for a tail fin. A fish.
具	An eye up on eight — a stand with everything laid out on it. Tools.
受	A claw above, a cover between, a hand below: one hand passing something down to another.
号	A mouth over one hooked line, calling out a name or a number.
向	An open box with a slash on top and a mouth inside — a window you turn to face.
命	A person under one line, a mouth on the left and a seal on the right: an order handed down.
岸	A mountain over a cliff over dry ground — where the land stops and the water starts.
度	A lean-to hanging over twenty, with a hand underneath measuring them off.
急	A bending person, a hand, and a heart beneath them all, racing. Hurry.
昔	Twenty over the sun — twenty long days ago, and then a good deal more.
服	A moon on the left, a seal and a hand on the right: a body with something fitted onto it.
様	A tree on the left, a sheep over water on the right. That is simply the manner of it.
歯	Stop on top, rice in a container below — a mouthful, and the teeth that stop it.
発	A tent up top, two lines and a pair of legs below: packed up and setting off.
県	An eye over something small — a district watched over from above.
着	A sheep with a slash through it and an eye underneath: you have arrived, and you are being looked over.
祭	A moon over an altar — an offering laid out for the festival.
第	Bamboo over condolences with a slash through it: slips of bamboo, numbered in order.
育	A lid over something private over a moon — a child growing up under cover.
#
# ---- kanji with no breakdown: hints about the SHAPE ----
# KanjiVG either cannot decompose these or decomposes them into stroke
# bookkeeping (§9.3), so there are no component tiles to lean on. The hint
# describes what the character actually looks like instead. Same rule as
# above otherwise: it is a default, and any learner can replace it.
一	One flat stroke, and nothing else. Nothing simpler exists.
七	A cross with its bottom stroke swinging out to the right, like a 7 tipped over.
三	Three lines stacked up. Count them and you have your answer.
上	A stroke standing on the ground line with a tick out to the right: something is up there.
下	The ground line on top, and a stroke hanging down underneath it.
中	A box with a line driven straight through the middle of it.
九	A hook with one leg kicking out from under it — the last number before ten.
二	Two lines, one short and one long, with nothing at all between them.
五	A line, a zigzag, a line: scaffolding held between two rails.
人	Two legs walking and nothing above them. A person, seen head on.
先	A foot striding out ahead of a pair of legs — out in front, and so earlier.
入	Two strokes leaning together like the mouth of a tent you duck into.
八	Two strokes splaying apart. Eight is the number that splits cleanly in half.
円	A box with two legs dropping out of the bottom of it: the coin, and what it is worth.
出	Two mountains stacked up, one climbing out of the other.
力	A bent arm flexing, and nothing else. Pure muscle.
十	A cross, straight up and straight across. Ten fingers.
口	An open square. A mouth, held wide.
右	A hand with a mouth underneath it — the hand you eat with.
土	A cross planted upright with a line under it: a mound of earth.
夕	A crescent moon just showing itself. Evening.
大	A person with both arms flung out wide. This big.
女	A figure with its legs crossed and its arms folded across.
子	A baby with its arms out and its legs still wrapped up.
小	One stroke with a tiny fleck either side of it. Small.
山	Three peaks along one ridge line.
川	Three lines running downhill side by side. Water on the move.
左	A hand with a carpenter's square under it — the hand that holds the work steady.
年	A figure over two crossbars: harvests counted off, one to a year.
手	Fingers, a wrist, and a hook at the end. A hand held up.
日	A box with one line across the middle. The sun with a spot on its face.
月	A tall box with two lines inside, curved down one side like a crescent.
木	A trunk, branches out to either side, roots spreading below.
本	A tree with one extra mark ruled across its roots: where the whole thing starts.
林	Two trees standing side by side. A wood.
正	A foot stopped square on a line — halted in exactly the right place.
水	A stream with drops flying off it to either side.
火	A flame with sparks leaping away on both sides.
犬	A big person with one extra fleck: the dog on the end of the lead.
玉	A king with one extra dot — the jewel he is wearing.
王	Three ranks — heaven, earth and people — with one line joining all of them.
生	A shoot pushing up through the ground line. Something alive.
田	A square divided into four plots. A field seen from above.
白	The sun with one ray coming off the top of it. Bright, and pale with it.
目	An eye stood up on its end, pupil and all.
石	A boulder sitting under an overhanging cliff.
立	A figure with its arms out, planted on a line. Standing.
竹	Two stalks side by side, each with a leaf drooping off it.
糸	A twist of silk with the loose ends dangling below.
耳	An ear drawn straight down the page, with its ridges marked inside.
虫	A creature with a body and a feeler, curled up small.
赤	Earth over a fire — hot enough to glow.
車	A cart seen from above: axle down the middle, wheels out to each side.
金	A roof over the ground with nuggets buried underneath it.
雨	A cloud across the top, and four drops falling inside it.
万	One sweeping stroke under a lid, running off further than anyone is counting.
丸	Nine with a dot tucked into the crook of it, rolled up into a ball.
内	An open box with a person tucked in under it.
刀	A single curved blade with a handle. A sword.
前	A cap over a moon and a blade, the whole thing pushing forward.
北	Two people standing back to back, turning away from each other and from the cold.
午	One stroke laid across a stake standing upright: the shadow at its shortest.
半	Two strokes split off the top and a line straight down the middle. Cut in half.
原	A cliff with a spring running out from under it — where it all comes from.
声	A cross-topped figure above a low slab, with the sound carrying out from under it.
多	Two evenings stacked one on the other. Night after night after night.
少	Small, with one stroke slicing off the corner. Less even than small.
工	A beam held between two plates — the carpenter's square that shapes everything else.
弓	The curve of a bow, string and all.
心	A hook with three flecks scattered round it: a heart, and the beats coming off it.
戸	A single door on its hinge — one half of a gate.
才	A ten with a stroke swept through it, cut across the grain.
方	A lid with a flagpole through it, leaning off one way.
春	Three lines crossed by a sweep, with the sun coming up underneath at last.
昼	A ruler over a sun over a line: the middle of the day, measured out.
朝	Grass with the sun caught in it, and the moon still up beside them. Dawn.
来	A tree with two extra pairs of branches, all of them leaning towards you.
東	A sun caught in the branches of a tree — sunrise, so that way is east.
止	A footprint pressed flat into the ground. That foot is going nowhere.
母	A figure with its arms wrapped round, and two dots for feeding a baby.
毎	A person above a mother — one after another after another.
毛	Three strokes with a tail flicking off the bottom. A tuft of hair.
父	Two crossed strokes over two more, like arms folded. Father.
牛	A horned head on a body, seen from the front.
用	A box with a spine down the middle and two shelves across it. Something built to be used.
画	A field boxed in, with a line ruled over the top. A picture in its frame.
直	Ten over an eye over a bent line — look straight down it.
矢	A big figure with its head cut flat: an arrow, flight and all.
米	Grains scattered off a cross in every direction.
羽	Two wings side by side, each with its feathers marked in.
考	An old man bent over, with a curl of thought coming out from under him.
肉	An open box with two ribs marked inside it.
自	An eye with a mark on top — the nose you point at when you mean yourself.
行	A step on the left and a crossroads on the right. Going somewhere.
西	A box with legs and a lid: the sun sinking into a basket at the end of the day.
角	A horn, ridged along its length and tapering to a point.
言	A mouth with lines of sound stacked up above it.
谷	Two slopes falling away to either side, with a mouth at the bottom of them.
里	A rice field sitting on the earth. Where people settle.
長	Long hair over long legs, everything about it drawn out.
門	Two doors facing each other, both of them shut.
食	A lid pulled over a heap of good things. Dinner.
首	Two whiskers over a face — the head, and the neck holding it up.
馬	A mane on top, a body, and four legs flying along underneath.
鳥	A crest, an eye, a body, and four toes gripping the branch.
黄	A field boxed in top and bottom, ripening.
丁	A flat top with a stroke hanging straight down from it. A nail, driven in.
世	Three uprights joined by one long bar — one lifetime laid across the next.
両	One roof over two matching halves, each with an upright of its own.
乗	A tree with a figure climbing it, one foot out either side.
予	A hook with a stroke through it and a tail dropping down, all set up in advance.
事	A hand gripping a brush that runs straight down through everything else.
反	A cliff with a hand reaching back under it.
品	Three mouths stacked in a pile. Goods, sorted and counted.
央	A big figure boxed in at the shoulders — dead centre.
実	A roof over a cross and two legs: whatever is actually under there.
寒	A roof with layers packed under it and two chips of ice at the very bottom.
島	A bird perched on a mountain, out in the middle of the sea.
州	Three rivers with a sandbank marked in each one.
平	A stroke with two flecks and one long flat bar underneath. Level.
幸	A cross over a stack of bars — good fortune, piled up.
旅	A banner on a pole with people falling in behind it.
族	A banner on a pole with an arrow beneath it: everyone who fights under the same flag.
曲	A box with two uprights bending up out of the top of it.
有	A hand reaching over a moon and holding onto it.
業	A comb of uprights standing over a sheaf of work.
死	A bare bone on the left and a figure kneeling down beside it.
氷	Water with one extra fleck frozen onto its side.
深	Water on the left, and on the right a hand reaching down a hole after a tree's roots.
漢	Water on the left, and a tall stack of strokes piled up on the right.
由	A rice field with one stroke pushing up out of the top of it.
申	A rice field with a line driven straight through it, top to bottom.
皮	A hand peeling a hide back off its frame.
皿	A dish on its stand seen side on, with the dividers inside it.
羊	Horns on top, and a body ruled into three below them.
血	A single drop falling into a dish.
表	A cloak with two bars ruled across the top of it — whatever is on the outside.
豆	A lid on a stand with a foot underneath. A bean jar.
身	A body in profile, curved, with one stroke swept across it.
重	A thousand piled onto a village, and the whole thing sagging under it.
面	A lid over a boxed-in face, eyes and all. A mask.
#
# ---- grade 4 ----
争	A bending person at the top, a hand below and a feathered stick between them — two sides hauling on the same pole. Contend.
付	A person on the left, a measure on the right — handing something over and marking it down. Attach.
仲	A person standing in the middle of two others: the go-between.
伝	A person on the left, a cloud on the right — word passed on like weather, from one to the next. Transmit.
位	A person on the left and stand on the right: where you stand is your rank.
佐	A person at your left hand. The assistant.
例	A person beside a file of others, every one of them just the same. An example.
便	A person beside grow late: whatever makes the long evening easier. Convenience.
信	A person on the left, words on the right — a person who is as good as their word. Trust.
借	A person on the left and once upon a time on the right: what you borrowed long ago and still have not given back.
健	A person on the left, build on the right. A body built up strong: healthy.
側	A person on the left and rule on the right, standing right at your side.
働	A person on the left, move on the right. A person moving all day: work.
億	A person on the left with an idea on the right — one idea for every one of a hundred million people.
児	Old times up top and legs underneath: the little one who will grow into them. A child.
兵	A knoll with eight below it, dug in and waiting. Soldiers.
典	Bend over eight — bamboo strips bound into a code of law.
冷	Ice on the left, orders on the right. Orders given cold: chill.
初	Clothes on the left, a sword on the right. The first cut into the cloth: the beginning.
利	Grain on the left, a knife on the right — cutting the crop is where the profit is.
刷	A body and a cloth with a knife beside them: wipe the block, press the cloth. Printing.
副	Full on the left, a knife on the right, splitting it into a second helping. The deputy.
功	Craft on the left, strength on the right. Skill and effort together: an achievement.
加	Strength on the left and a mouth on the right, adding words to muscle. Add.
努	A servant above with strength underneath, bending their back to it. Effort.
労	Small sparks under a cover with strength beneath — working on by lamplight. Labour.
包	Wrap folded right round self. Wrapped up.
卒	A lid over two people over ten: a squad lined up and done with training. A private soldier.
協	Ten on the left, combined strength on the right. Everyone pulling together: cooperation.
単	Small marks over armor — one plain shield and nothing else. Simple.
博	Ten on the left and to state to on the right: someone with ten answers to every question. Learned.
参	Private above, big below, with hair streaming off it — turning up in person. Attend.
各	A winter's foot over a mouth: everyone trudging in, each with something to say. Each.
周	An open box wrapped round good luck, all the way round the edge. A circuit.
唱	A mouth on the left, prosperous on the right — a voice raised until it fills the room. Chant.
器	Four mouths set round something big in the middle: bowls laid out on every side. Vessels.
固	An enclosure round old — shut away long enough to set hard.
城	Earth on the left, turn into on the right. Earth turned into walls: a castle.
埼	Earth on the left and strange on the right — a strange finger of earth poking into the sea. A cape.
変	Also on top with a winter's foot below, dragging off somewhere else. Change.
奈	Something big standing over an altar. What on earth is it?
好	A woman beside her child. Nothing is liked more than that.
媛	A woman on the left, lead on to on the right: the one every eye follows. A beautiful woman.
季	Grain above a child — the young crop, and the season it belongs to.
孫	A child on the left, lineage on the right: the next knot in the family thread. A grandchild.
完	A roof finished over the beginning it started from. Complete.
害	A roof above, a sprout under it and a mouth at the bottom — something growing indoors that bites back. Harm.
富	A roof with full underneath it, a house packed to the rafters. Wealth.
察	A roof over a ritual: watching closely from the doorway to work out what it means. Surmise.
岐	A mountain on the left, a branch on the right. The road branches at the mountain: a fork.
岡	An open box with a mountain inside it. A flat-topped hill.
崎	A mountain on the left, strange on the right — a strange spur of mountain running out into the sea. A cape.
巣	Small heads poking up over the fruit tree. A nest.
希	A cut above linen: cloth so thin it is scarce. And what is scarce is what you hope for.
席	A lean-to hanging over twenty, with cloth spread underneath. Twenty mats laid out, and your seat among them.
帯	Thirty over a cover over cloth — a strip of cloth long enough to go round and round. A sash.
底	A lean-to hanging over the base: as far down as the building goes. The bottom.
府	A lean-to with adhere tucked under it — the building everything official sticks to. The government office.
康	A lean-to hanging over extend: a roof, and room to stretch out under it. Ease.
建	A long stride wrapped under a brush. Draw the plan, then pace it out. Build.
径	A step on the left and holy on the right — the narrow path worth walking.
徒	A step on the left, run on the right, and no horse anywhere. On foot.
念	Now above the heart: whatever is on your mind at this moment. A thought.
愛	A claw over a cover, a heart under it and a winter's foot below, walking slowly away. Love.
戦	Simple on the left, a halberd on the right. One shield, one blade: war.
折	A hand on the left, an axe on the right, snapping it in two. Break.
挙	Small marks, eight of them, over a hand held up high. Raise.
改	Self on the left and strike on the right, knocking your own old habits out. Reform.
敗	A shell on the left, strike on the right: struck at until the money is gone. Defeat.
料	Rice on the left, a dipper on the right — measuring the ingredients out, and what they cost.
昨	The sun on the left and suddenly on the right: suddenly that sun has already set. Yesterday.
景	The sun above the capital, lighting up the whole view. Scenery.
最	The sun above take. Reach up and take the highest one: the most.
望	Deceased beside the moon with a king below, gazing up at it. Hope.
札	A tree on the left, a hook on the right. A wooden tag hooked on: a label.
材	A tree on the left, talent on the right. The timber has it in it.
松	A tree on the left, public on the right — the tree in every public square. A pine.
栃	A tree, a cliff and ten thousand: a horse chestnut dropping ten thousand conkers off the ledge.
栄	Small blossoms under a cover, over a tree in flower. Flourish.
案	Relax above a tree — sit at the wooden table and think it through. A plan.
梅	A tree on the left, every on the right: the tree that flowers every year before all the rest. Plum.
梨	Profit above the tree. The pear crop pays.
械	A tree on the left, a commandment on the right — a wooden thing that keeps you in check. A machine.
極	A tree on the left and fast on the right, grown as far as it can possibly go. The extreme.
標	A tree on the left and a ballot on the right: a slip nailed to a post. A signpost.
機	A tree on the left, how many on the right — a wooden frame with more parts than you can count. A machine.
残	A bone on the left with small on the right. The small bit left on the plate: the remainder.
沖	Water on the left, middle on the right. Out in the middle of it: the open sea.
治	Water on the left and a pedestal on the right, holding the flood steady. Govern.
法	Water on the left, gone on the right — water always goes the same way down. That is the rule.
泣	Water on the left and stand on the right: standing there with water running down your face. Weep.
浅	Water on the left, small on the right. Only a small amount of water: shallow.
浴	Water on the left, a valley on the right — tipping water over yourself in the valley. Bathe.
清	Water on the left, blue on the right. Water blue enough to see the bottom: pure.
満	Water on the left, grass above both — filled to the brim and over. Full.
漁	Water on the left, a fish on the right. Going after it: fishing.
潟	Water on the left, a shoe on the right — shallow water you can walk out into. A lagoon.
灯	Fire on the left, a nail on the right. A flame nailed to the wall: a lamp.
然	A moon on the left, a dog on the right and fire underneath. Well, that is just the sort of thing that happens.
焼	Fire on the left and high on the right, flames climbing. Burn.
照	Shining above fire, light thrown right across the room. Illuminate.
熊	Ability above fire: the animal with the ability to stand up by the fire. A bear.
熱	Art above fire — the potter's kiln at full blast. Heat.
牧	A cow on the left, strike on the right, tapping the herd along. Pasture.
特	A cow on the left, a Buddhist temple on the right. One special animal, kept apart.
産	Stand and a cliff over life below: new life brought out into the open. Give birth.
的	White on the left, a ladle on the right — a white circle the size of a ladle. The target.
省	Few above an eye. Look with fewer eyes over less: cut it back, and look into it.
祝	An altar on the left, an elder brother on the right, saying the words. Celebrate.
票	A cover above an altar — a slip of paper laid down where everyone can see it. A ballot.
種	Grain on the left, heavy on the right: the heaviest grains are the ones you keep. Seed.
積	Grain on the left, blame on the right — the harvest piled higher and higher until someone is blamed for it. Accumulate.
競	Stand over elder brother, and stand over elder brother again beside it, neck and neck. Compete.
笑	Bamboo over a bent figure, shoulders shaking. Laugh.
管	Bamboo above an official: a bamboo pipe, and the official who controls it.
節	Bamboo above instant — the joint where one length of bamboo stops and the next begins. A node.
約	Thread on the left, a ladle on the right, tied round and measured out. A promise.
結	Thread on the left, good luck on the right. Tie the knot and hope: bind.
給	Thread on the left, join on the right — the thread that joins the work to the wage.
続	Thread on the left, sell on the right, spinning it out and out. Continue.
置	A net above straight. Set the net down straight and leave it there: place.
群	A mister on the left, sheep on the right. One man, a great many sheep: a flock.
老	Old hanging over a spoon, bent right over your supper. Old age.
芸	Grass above a cloud: making a plant out of thin air. That is an art.
芽	Grass over a tusk — the first shoot pushing up like a tooth. A bud.
英	Grass with center underneath: the flower right in the middle of the field. Outstanding.
茨	Grass above next. The next thing your hand meets is a thorn.
菜	Grass above pick. Grass worth picking: vegetables.
街	A crossroads wrapped round a square jewel — a street with something worth seeing at the centre.
要	A cover over a woman, hands on hips at the waist. The main point.
覚	Small marks under a cover, and see underneath. Once you can see it, you remember it.
訓	Words on the left, a stream on the right — meaning poured out in a steady stream. Instruction.
試	Words on the left, style on the right: the set form of words you have to get through. A test.
説	Words on the left, exchange on the right, words traded back and forth. An explanation.
課	Words on the left, fruit on the right. Work through the words and there is the fruit: a lesson.
議	Words on the left, righteousness on the right — arguing over what is right. Debate.
貨	Change above a shell. Turn goods into money: freight.
賀	Add above a shell: money handed over with good wishes. Congratulations.
軍	A cover over a cart, wagons drawn up under canvas. An army.
輪	A cart on the left, order on the right — spokes set in perfect order. A wheel.
辞	A tongue on the left, spicy on the right. Sharp words, and then you resign.
辺	A road running under a sword. Where the blade falls is the border.
連	A road running under a cart, and another cart behind it. Take them all along together.
達	A road under earth and a sheep, plodding on until it arrives.
選	A road running under southeast: of all the ways to go, pick that one. Choose.
郡	A mister on the left, a village on the right — one man over a whole cluster of villages. A county.
量	Daybreak above a village: weigh out the day's load before anyone else is up. Quantity.
録	Metal on the left, carve on the right. Cut it into the metal and it is on the record.
鏡	Metal on the left, end on the right — metal polished to the very end. A mirror.
関	A gate wrapped round a frontier pass: nothing gets through unless it is connected.
阜	A heap above ten, ten loads of earth piled up. A hill.
阪	A hill on the left, turn back on the right. Too steep to go on: a slope.
陸	A hill on the left and a clod of earth on the right. Solid ground: land.
隊	A hill on the left with a pig beside it, all trooping over in a line. A regiment.
静	Blue on the left, contend on the right — the argument settles and turns cool. Quiet.
順	A stream on the left, a head on the right, going with the current. Obey.
願	A meadow on the left, a head on the right, head bowed in the open field. A wish.
類	Rice and something big under one head — grains sorted into piles of the same kind.
飯	Food on the left, turn back on the right. Turn back to the table for another bowl of rice.
養	A sheep above eat, feeding the flock until it is fat. Foster.
香	Grain above the sun, warming until you can smell it. Fragrance.
験	A horse on the left and all together on the right: put every horse to the test.
#
# ---- grade 5 ----
仏	A person on the left, private on the right — the one who sits apart, keeping his own counsel. Buddha.
仮	A person on the left, turn back on the right. Not the real one, only a stand-in: temporary.
件	A person on the left, a cow on the right. One man, one cow, one matter to settle: a case.
似	A person on the left and by means of on the right — one person made by means of copying another. Resemble.
余	A person up top with small underneath: a little left over once everyone has had some. Surplus.
価	A person on the left, a cover on the right — lift the cover and the person tells you what it is worth. Price.
個	A person on the left, harden on the right. One separate, solid thing: an individual.
停	A person on the left, a pavilion on the right. Stop at the pavilion a while: halt.
備	A person, and beside them grass under a cliff with use below — everything gathered in and ready. Provision.
像	A person on the left, an elephant on the right: something huge made in a person's likeness. A statue.
刊	Dry on the left, a knife on the right — cut the dry block and print from it. Publish.
判	Half on the left, a knife on the right. Cut it in half and say which half is right: judgement.
制	A cow and a cloth with a knife beside them, cut to a set pattern every time. The system.
則	A shell on the left, a knife on the right, cutting the law into the money. A rule.
効	Mix on the left, strength on the right. Mix in some strength and it works: effect.
務	A spear on the left, strike above strength on the right — the job you are pushed into. Duties.
勢	Art above strength: skill with force behind it. Momentum.
厚	A cliff hanging over a sun and a child, layers of rock stacked deep. Thick.
句	Wrap folded round a mouth: a few words bundled together. A phrase.
可	A nail hooked round a mouth. Say it and it is nailed down: approval.
告	A cow above a mouth, announcing the sacrifice. Tell.
喜	Good luck up top with a mouth underneath it, grinning. Rejoice.
営	Small lights under a cover, over a spine of rooms in a row. A camp, and the running of it.
因	An enclosure round something big. Trace the walls back to what is inside them: the cause.
団	An enclosure round a measure: everyone inside the same ring. A group.
囲	An enclosure round a well, walled in on all four sides. Surround.
圧	A cliff hanging over earth, bearing down on it. Pressure.
均	Earth on the left, equal on the right — earth raked out level. Even.
型	Punish above earth: press the earth into shape and hold it there. A mould.
基	That above earth — the earth everything else is built on. The foundation.
堂	Esteem above earth: a raised earth floor for the important room. A hall.
報	Happiness on the left, a seal and a hand on the right, sending the news back. Report.
境	Earth on the left, end on the right. Where this bit of earth ends: the boundary.
墓	Must not, above earth. Earth that must not be disturbed: a grave.
増	Earth on the left, formerly on the right — more earth on top of what was there before. Increase.
夢	Grass and a net under a cover, with evening at the bottom. What you see with your eyes shut: a dream.
妻	A hand above a woman, holding the household together. The wife.
婦	A woman on the left, a broom on the right. The lady of the house.
容	A roof over a valley — a space with a whole valley's worth of room in it. Contain.
寄	A roof over strange. A strange roof to stop under, but it will do: draw near.
導	A road-way above a measure, showing the way and pacing it out. Guidance.
居	A body hanging over old: settled in one place long enough to grow old there. Reside.
序	A lean-to over beforehand — what comes before everything else. The preface.
弁	Private above twenty, sorting one thing from another. Tell them apart.
張	A bow on the left, long on the right, drawn out as far as it will go. Stretch.
往	A step on the left, a master on the right, setting out. Journey.
得	A step on the left, to get on the right. Walk that far and you gain something.
復	A step on the left, return on the right, walking back the way you came. Restore.
志	A scholar above the heart: what you have set your heart on. Intention.
応	A lean-to hanging over a heart — the answer waiting under the roof. Respond.
快	A heart on the left, decide on the right. Decided, and glad about it: cheerful.
性	A heart on the left, life on the right — the heart you were born with. Your nature.
情	A heart on the left, blue on the right. The colour of the heart at that moment: feeling.
態	Ability above the heart: what you can do and how you feel about it, showing on the outside. Your bearing.
慣	A heart on the left, pierce on the right — worn into the heart by doing it over and over. Habit.
技	A hand on the left, a branch on the right, working it into shape. Skill.
招	A hand on the left, summon on the right. A hand waved to bring someone over: invite.
授	A hand on the left, accept on the right. One hand gives, the other accepts: grant.
採	A hand on the left, pick on the right. Reach out and take it.
提	A hand on the left, correct on the right, carrying it in hand and holding it out. Propose.
損	A hand on the left, an employee on the right, dropping something. Loss.
支	Ten above a hand — a hand holding up a branch, and everything on it. Support.
政	Correct on the left, strike on the right, knocking things straight. Government.
故	Old on the left, strike on the right: the old blow that explains everything since. The reason.
救	Seek on the left, strike on the right, beating a way through to reach them. Rescue.
断	Rice on the left, an axe on the right, brought down hard. Sever.
旧	A line on the left, the sun on the right. Yesterday's sun, ruled off: old times.
易	The sun above not — nothing at all between you and the light. Easy.
条	A winter's foot above a tree: one branch, then the next. Articles, taken in order.
枝	A tree on the left and a branch on the right, held out from the trunk.
査	A tree above a pile. Go through the stack log by log: investigate.
格	A tree on the left, each on the right — each timber cut to the same size. Rank.
桜	A tree on the left; on the right small blossoms over a woman. The cherry.
検	A tree on the left, all together on the right: every plank looked over one by one. Inspect.
構	A tree on the left, put together on the right, timber jointed up. A structure.
歴	A cliff hanging over a grove with stop underneath — walking on past year after year. History.
殺	Cut above a tree with a weapon beside it. Kill.
毒	A sprout above do not. A plant you must not eat: poison.
永	A dot above water. One drop, and the river runs on for ever: eternity.
河	Water on the left, can on the right — as much water as a channel can hold. A river.
液	Water on the left, night on the right: water in the dark, taking the shape of whatever holds it. Fluid.
混	Water on the left, descendants on the right, all running in together. Mix.
減	Water on the left, all on the right. Take from it and there is less of it all: decrease.
測	Water on the left, a rule on the right, measuring the depth. Fathom.
演	Water on the left, a tiger on the right — pouring it out with everyone watching. Perform.
潔	Water on the left, a marking line on the right: washed, and lined up straight. Pure.
災	A stream above fire. Flood on top and flame underneath: disaster.
燃	Fire on the left, and on the right the sort of thing that catches. Burn.
版	One-sided on the left, turn back on the right — a flat block cut on one face and turned over to print. An edition.
犯	A dog on the left, a seal on the right. The beast got loose, and now it is on record: a crime.
状	Split wood on the left, a dog on the right, standing guard by the fence. That is the state of things.
独	A dog on the left, an insect on the right, and nothing else. Alone.
現	A king on the left, see on the right — the jewel held up where it can be seen. Appear.
留	A hare above a rice field, settling in. Stay.
略	A rice field on the left, each on the right: mark each field out roughly and move on. An outline.
益	Eight over a dish, water brimming over the rim. More than enough: profit.
眼	An eye on the left, stopping on the right. The eye stops on it: the eyeball.
破	A stone on the left, skin on the right. The stone splits the skin: tear.
確	A stone on the left, a crane on the right, standing on it. Solid, and certain.
祖	An altar on the left, a pile on the right — generation piled on generation. The ancestor.
禁	A grove above an altar. The sacred wood: keep out.
移	Grain on the left, many on the right, carried off armful by armful. Shift.
程	Grain on the left, display on the right — the crop measured out and shown. The extent.
税	Grain on the left, exchange on the right. Grain handed over: tax.
粉	Rice on the left, part on the right, ground into parts too small to see. Powder.
精	Rice on the left, blue on the right: rice polished until it shines. Refined.
紀	Thread on the left, self on the right — winding your own years onto the thread. A chronicle.
素	A sprout above thread: raw fibre, before anything is done to it. Elementary.
経	Thread on the left, holy on the right — the long threads that run the length of the loom. Pass through.
統	Thread on the left, allot on the right, every thread pulled into one hand. Ruling.
絶	Thread on the left, color on the right, and the thread stops dead. Sever.
綿	Thread on the left, cloth on the right, and a soft white pile between them. Cotton.
総	Thread on the left, rush on the right: every thread gathered up at once. The whole lot.
編	Thread on the left, flat on the right — threads laid flat and worked together. Compile.
績	Thread on the left, blame on the right. Spin badly and you will hear about it: your results.
織	Thread on the left, clay on the right, thread packed as tight as clay. Weave.
罪	A net above not — caught in the net for what you should not have done. Crime.
義	A sheep above the ego: give up your own share. Righteousness.
耕	A plough on the left, a well on the right, drawing the field into squares. Cultivate.
職	An ear on the left, clay on the right — listening all day at the same bench. Your job.
肥	A moon on the left, a coil on the right, curled up and well fed. Fat.
脈	A moon on the left, to branch on the right: flesh branching all the way through. A vein.
舎	A person above good luck — a roof to sleep under. A hut.
航	A boat on the left, high spirits on the right, setting out across the water. Navigate.
衛	A crossroads wrapped round tanned leather: pacing up and down outside the store. Guard.
製	System above clothes, cut to the pattern, every one the same. Manufacture.
複	Clothes on the left, return on the right — another layer over the first. Duplicate.
規	A husband on the left, see on the right, holding the compasses up to check. A standard.
解	A horn on the left, a sword above a cow — taking the animal apart piece by piece. Unravel.
設	Words on the left, a weapon on the right, laying out where everything goes. Establish.
許	Words on the left, noon on the right. Say yes by noon: permit.
証	Words on the left, correct on the right. Words shown to be correct: proof.
評	Words on the left, even on the right, weighing it up evenly. Criticism.
講	Words on the left, put together on the right — words built up into a lecture.
謝	Words on the left, shoot on the right: the words you fire off the moment you are sorry. Apologize.
識	Words on the left, clay on the right — words pressed into clay so they keep. Knowledge.
護	Words on the left, to measure on the right, weighing every word to keep someone safe. Protect.
豊	Bend above a bean — a dish heaped so high it bows. Bountiful.
象	A bending person over a pig, drawn far too big. The elephant.
財	A shell on the left, talent on the right. Money and talent together: wealth.
貧	Part above a shell — the money split until there is hardly any. Poverty.
責	A sprout above a shell: money owed on next year's crop, and somebody to blame. Responsibility.
貯	A shell on the left, calm on the right — money put away and left in peace. Savings.
貸	Substitute above a shell: your money in someone else's hands for a while. Lend.
費	A dollar above a shell, both going out at once. Expense.
貿	A hare above a shell, money changing hands as fast as that. Trade.
資	Next above a shell — the money set aside for whatever comes next. Capital.
賛	A husband on the left and a husband on the right over a shell, both nodding. Approve.
賞	Esteem above a shell: money handed over with respect. A prize.
質	An axe on the left and an axe on the right over a shell. Chop it open and see what it is made of: substance.
輸	A cart on the left, a dugout canoe on the right. Overland or over water: transport.
述	A road running under millet, telling how the crop came in. State.
迷	A road running under rice, grains scattered at every turning. Lost.
逆	A road running under disobedient, going the wrong way up it. Reverse.
造	A road running under revelation: build it, then announce it. Make.
過	A road running under a crooked mouth, carrying on well past the turning. Exceed.
適	A road running under a stalk — the road that suits, the way a stalk grows where it fits. Suitable.
鉱	Metal on the left, wide on the right: metal spread wide through the rock. Ore.
銅	Metal on the left, same on the right. The same red metal every time: copper.
防	A hill on the left, a direction on the right — a bank thrown up on whichever side they are coming from. Defend.
限	A hill on the left, stopping on the right. The hill stops you: a limit.
険	A hill on the left, all together on the right: hill after hill, every one of them steep.
際	A hill on the left, a ritual on the right, held right at the edge. The occasion.
雑	Nine above a tree with a small bird beside it — nine kinds of bird in one branch. Miscellaneous.
領	Orders on the left, a head on the right: the head that gives the orders, and everything it rules.
額	A guest on the left, a head on the right — the forehead you show at the door, and the sum written on it.
飼	Food on the left, a director on the right, doling it out. Keep animals.
#
# ---- grade 6 ----
乱	A tongue on the left, a hook on the right — everyone talking at once and something snagging. Disorder.
乳	Hatch on the left, a hook on the right: the newly hatched, curled up and feeding. Milk.
仁	A person on the left, two on the right. How the one treats the other: benevolence.
供	A person on the left, together on the right, holding it up in both hands. Offer.
俳	A person on the left, not on the right — a person who is not himself tonight. The actor.
俵	A person on the left, surface on the right, straw wrapped round the outside. A sack.
値	A person on the left, straight on the right: what a person will pay straight out. The price.
優	A person on the left, melancholy on the right — gentle with someone who is sad, and rather good at it. Excellence.
党	Esteem above an elder brother, everyone looking up to the same one. A faction.
処	A winter's foot wrapped under a table: sit down at last and deal with it.
刻	The sign of the hog on the left, a knife on the right, cutting notches to mark the hour. Engrave.
割	Harm on the left, a knife on the right. Split it in two: divide.
創	A godown on the left, a knife on the right — cut the first timber for the new store. Genesis.
劇	A wild boar on the left, a knife on the right. High stakes on stage: drama.
勤	A violet on the left, strength on the right: turning up and putting your back in, day after day. Diligence.
危	A bending person above unlucky, leaning right out over the drop. Dangerous.
厳	A cliff wrapped round small marks and daring. Nothing gets past: strict.
収	A line on the left, a hand on the right, pulling it in. Harvest.
否	Negative above a mouth. The mouth says no.
吸	A mouth on the left, reach on the right, drawing it in. Inhale.
呼	A mouth on the left, a question mark on the right, shouting to ask. Call.
善	A sheep over a mouth, saying nothing but good. Virtuous.
困	An enclosure round a tree: no room to grow. Trouble.
域	Earth on the left, some on the right — some of the earth marked off as ours. A region.
姿	Next above a woman, one pose after another. Figure.
宅	A roof, and under it something to depend on. Home.
宇	A roof over going: the roof that covers everywhere you could go. The universe.
宗	A roof over an altar. The house religion is kept in.
宙	A roof over reason — the roof above everything, with a reason for it. Space.
宝	A roof over a jewel. A treasure.
宣	A roof over span, the word carrying from wall to wall. Proclaim.
密	Quiet above a mountain, packed in tight and out of sight. Secrecy.
射	Somebody on the left, a measure on the right: the body drawn back and the distance judged. Shoot.
将	Split wood on the left; on the right a claw over a measure, taking command. The general.
尊	A chieftain above a measure — held up high and handled carefully. Revered.
届	A body hanging over reason. Turn up in person with the reason: deliver.
層	A body hanging over formerly, one on top of the other. A layer.
幕	Must not, above cloth. The cloth you must not look behind: a curtain.
幼	A tiny thread on the left, strength on the right — barely any strength there yet. Infancy.
庁	A lean-to over a nail, the plaque nailed up outside. A government office.
座	A lean-to over sit. Somewhere to sit: a seat.
延	A long stride wrapped under correct, drawing it out longer. Prolong.
律	A step on the left, a brush on the right, writing down how everyone must walk. The law.
忘	Deceased above the heart. It has gone out of your heart: forget.
忠	Middle above the heart, straight down the centre. Loyalty.
恩	Cause above the heart — the kindness that is the cause of it. Grace.
憲	A roof over a net over a heart, everything held under the one rule. The constitution.
批	A hand on the left, compare on the right, holding two of them up side by side. Criticism.
担	A hand on the left, daybreak on the right. Shoulder the load at first light: carry.
拝	A hand on the left, one line and abundant on the right, held out flat. Worship.
拡	A hand on the left, wide on the right, spreading it out. Extend.
捨	A hand on the left, a cottage on the right. Walk out of the cottage and leave it: throw away.
推	A hand on the left, a small bird on the right, pushed off the branch to see where it goes. Infer.
揮	A hand on the left, an army on the right, waving it forward. Brandish.
操	A hand on the left; on the right the chirping of birds up a tree, every one of them handled. Manipulate.
敵	A stalk on the left, strike on the right, cutting the other side down. The enemy.
映	The sun on the left, center on the right, throwing the picture up in the middle. Reflect.
晩	The sun on the left, excuse on the right. The sun excuses itself: nightfall.
暖	The sun on the left, lead on to on the right, drawing you out into it. Warm.
暮	Must not, above the sun. The sun must not stay: dusk.
朗	Good on the left, the moon on the right, clear all night. Bright.
机	A tree on the left, a table on the right. Wood on legs: a desk.
枚	A tree on the left, strike on the right, splitting it into flat sheets. One sheet, two sheets.
染	Water on the left, nine on the right and a tree underneath — dipped nine times in the dye. Colour it.
株	A tree on the left, vermilion on the right: the red stump left in the ground, and a share in it.
棒	A tree on the left, observance on the right, held out straight in both hands. A rod.
模	A tree on the left, must not on the right — a wooden pattern nothing must depart from. A copy.
樹	A tree beside a drum, with a measure on the right marking how far it has grown. A standing tree.
欲	A valley on the left, a yawn on the right. A mouth as wide as a valley: greed.
沿	Water on the left, a marsh on the right. Follow the water round the edge of the marsh: run alongside.
泉	White above water — clean water coming straight up out of the ground. A spring.
洗	Water on the left, before on the right. Water first, before anything else: wash.
派	Water on the left, to branch on the right, the stream splitting in two. A faction.
済	Water on the left, adjusted on the right: the crossing made and the debt settled. Finish.
源	Water on the left, a meadow on the right, and the spring that feeds it. The source.
潮	Water on the left, morning on the right, coming in right on time. The tide.
灰	A cliff hanging over fire, and what is left underneath it. Ashes.
班	A king on the left and a king on the right with a knife between them — the jade split into equal shares. A squad.
異	A rice field above together: one field not like the others. Different.
痛	Sickness hanging over a walled path, all the way down it. Pain.
皇	White above a king, the crown catching the light. The emperor.
盛	Turn into, above a dish. The dish turns into a heap: prosper.
盟	Bright above a dish, sworn over the bowl in full daylight. An alliance.
砂	A stone on the left, few on the right. Stone ground down to almost nothing: sand.
私	Grain on the left, private on the right. The grain that is mine.
秘	Grain on the left, invariably on the right — the store nobody is ever told about. Secret.
穴	A roof over eight, split open underneath. A hole.
窓	A hole up top with private and a heart under it — the gap you look out through. A window.
筋	Bamboo above a rib, fibres running the whole length of it. Muscle.
策	Bamboo above a thorn: a sharp little slip of bamboo with the plan written on it.
簡	Bamboo above an interval, one slip with a gap either side. Brief.
糖	Rice on the left, China on the right, boiled down sweet. Sugar.
系	A slash above thread, the whole lot hanging from one end. A lineage.
紅	Thread on the left, craft on the right — thread worked until it comes out deep red. Crimson.
納	Thread on the left, inside on the right, the bolt of cloth taken in. Settlement.
純	Thread on the left, barracks on the right: every thread the same, drawn up in rows. Pure.
絹	Thread on the left, a small worm on the right. The worm that makes the thread: silk.
縦	Thread on the left, accompany on the right, one following the other straight down. Vertical.
縮	Thread on the left, an inn on the right, the cloth pulled in for the night. Shrink.
署	A net above a person: your name caught and written down. The office, and the signature.
翌	Feathers above stand — up on the perch, waiting for tomorrow. The following day.
聖	An ear on the left, a mouth on the right and a king below: hears everything, says it plain. A saint.
肺	A moon on the left, a market on the right, busy day and night. The lungs.
胃	A rice field above a moon — the field inside you where the crop ends up. The stomach.
背	North above a moon: two people back to back, turned away. The back.
胸	A moon on the left, turmoil on the right, everything churning behind the ribs. The chest.
脳	A moon on the left; on the right small marks over a villain, plotting away. The brain.
腸	A moon on the left, sunbeams on the right, coiled into one long bright loop. The intestines.
腹	A moon on the left, return on the right — the part of you that keeps coming back for more. The belly.
臓	A moon on the left, a storehouse on the right. The body's storerooms: the organs.
舌	A thousand above a mouth, a thousand words out of the one mouth. The tongue.
若	Grass above right, freshly picked with the right hand. Young.
著	Grass above a person: a name that stands up out of the field. Renowned, and written down.
蒸	Grass above many, the whole bundle held over the pot. Steam.
蚕	The heavens above an insect — a gift from the sky that spins thread. The silkworm.
裁	To cut, wrapped round clothes. Cut the cloth to shape: tailor, and judge.
装	Robust above clothes, dressed up for the part. Attire.
視	An altar on the left, see on the right. Look at it properly: inspect.
討	Words on the left, a measure on the right. Take their measure, then go after them: attack.
訪	Words on the left, a direction on the right, taking your words that way. Visit.
訳	Words on the left, a ruler on the right, measured out into another language. Translate.
詞	Words on the left, a director on the right, giving each word its own job. Parts of speech.
誌	Words on the left, intention on the right — writing down what you meant to remember. Records.
認	Words on the left, endure on the right. Hear it out to the end and admit it: acknowledge.
誕	Words on the left, prolong on the right: the announcement everyone has been waiting for. A birth.
誠	Words on the left, turn into on the right. Words that turn into deeds: sincerity.
誤	Words on the left, give on the right — the wrong words given out. A mistake.
論	Words on the left, order on the right, set out one after another. An argument.
諸	Words on the left, a person on the right, and then another one. Various.
警	Awe above words: a warning that makes you sit up. Admonish.
貴	Middle above a shell, carried in the middle of both hands. Precious.
賃	Responsibility above a shell. Take on the job, take the money: the fee.
退	A road running under stopping, backing away down it. Retreat.
遺	A road running under precious — something valuable dropped along the way. Left behind.
郵	Droop on the left, a village on the right, the post-bag hanging at the village stop. Mail.
針	Metal on the left, ten on the right: a thin sliver of metal with an eye. A needle.
銭	Metal on the left, small on the right. A small piece of metal: a coin.
鋼	Metal on the left, mount on the right. Metal as hard as a hill: steel.
閉	A gate wrapped round talent, barred across. Shut.
閣	A gate wrapped round each floor, one above the next. A tower.
降	A hill on the left, to descend on the right, coming down it. Fall.
陛	A hill on the left; on the right compare over earth, step matched to step. The palace stairs, and the one at the top of them.
除	A hill on the left, surplus on the right. Clear the surplus off the slope: remove.
障	A hill on the left, a badge on the right, blocking the way. Hinder.
頂	A nail on the left, a head on the right. The very top of the head.
預	Beforehand on the left, a head on the right — handed over ahead of time for someone else to hold. Deposit.
#
# ---- grades 4-6 with no breakdown: hints about the SHAPE ----
# Same rule as the section above: KanjiVG either cannot decompose
# these or decomposes them into stroke bookkeeping, so the hint
# describes what the character looks like instead.
不	One flat line with a stroke dropping through it and legs splayed either side — a bird that has decided not to land. No.
井	Two uprights crossed by two horizontals: the wooden frame round the top of a well.
令	A lid, and underneath it someone kneeling to hear what has just been said. An order.
以	Two short strokes on the left and a person on the right, one thing held up beside another. By means of.
低	A person on the left, and on the right something bent right down with a line ruled under it. Low.
倉	A lid on top, a door in the middle and a mouth at the bottom — a shed you can shut. A storehouse.
候	A person on the left, then an upright, then an arrow: a lookout waiting to see which way the weather turns.
兆	Two legs kicking apart with a mark either side, a crack splitting open. An omen.
共	Twenty at the top and two legs underneath, holding it up together.
別	A mouth over a bent stroke on the left and a knife on the right, cutting them apart. Separate.
勇	A neat cap over a rice field with strength under it, chest out and ready. Courage.
印	A hand reaching down on the left and a kneeling figure on the right. Press it down: a stamp.
司	A hook wrapped round a single mouth — one voice giving out the orders. The official.
塩	Earth on the left; on the right a person over a dish, boiling a pan dry. Salt.
夫	A big person with one extra line laid across the shoulders. The husband.
失	A person leaning forward with something slipping off the top stroke. Lose.
官	A roof, and under it two little humps in a row: the rooms of a government office.
差	A sheep's head with a slash through it over a worker's hand — two things that do not match. A difference.
徳	A step on the left; on the right a stack of lines over a heart. Virtue.
必	A heart with a slash driven straight through it. That will happen, without fail.
成	A halberd with an extra stroke propped inside it: the work is done. Become.
散	Twenty over a moon on the left, a strike on the right, knocking it all apart. Scatter.
旗	A banner on a pole at the left, streaming out over a stand on the right. A flag.
未	A tree with a short extra line across the top — the upper branches have not grown out yet. Not yet.
末	A tree with one long line across the very top: the far tip of the branches. The end.
束	A tree with a mouth tied round its middle. A bundle.
果	A rice field sitting up in the branches of a tree. The fruit.
欠	A figure kneeling with its mouth wide open. Something missing, and a yawn: lack.
氏	One curved stroke with a short line hooked under it, like a name cut into a plate. A clan.
民	The same shape as a clan with an extra stroke driven through it — not one family but all of them. The people.
求	A line with a hook and four flecks flying off it, hands grabbing from every side. Seek.
滋	Water on the left; on the right grass over two little tangles of thread, growing thicker. Nourish.
無	A row of uprights over a long line with fire underneath — the whole lot burnt away to nothing.
縄	Thread on the left; on the right a box with a tail hanging off it, twisted into a rope.
臣	A staring eye stood up on its end, watching from the side of the room. The retainer.
良	A dot on top, then a bowl on a stand. The good stuff, kept at the bottom.
衣	A lid over crossed folds, hanging from the shoulders. Clothes.
観	Two little horns over a bird on the left, and see on the right. Look hard: a view.
飛	Two wings with their feathers showing, one above the other, lifting away. Fly.
鹿	Antlers over a lean-to for a body, and two legs picking their way along underneath. A deer.
久	A slash with a leg swung under it, propped up and going nowhere. A long time.
任	A person on the left; on the right a load balanced across a pole. Duty.
保	A person on the left, and on the right a tree with something small tucked under its top. Keep it safe.
修	A person and a slash on the left, three brushed strokes down the right. Polishing yourself up: discipline.
再	A line laid over a box with a stroke through it, the same thing set out a second time. Again.
史	A mouth with a hand reaching up through it, holding the brush that writes it all down. History.
在	A worker's mark leaning over the earth: something is planted here. Exist.
士	A long line over a short one, standing perfectly upright. The gentleman.
属	A body hanging over a tangle with a tail, everything attached to the same thing. Belong.
布	A slash over a cloth hanging from its rail. Linen.
師	A heap of strokes on the left with a cloth on the right — the banner an expert leads under. The master.
常	Small marks over a cover, and a hanging cloth below. The everyday curtain: usual.
幹	Ten over the sun over ten on the left, with dry on the right, straight up the middle. The trunk.
接	A hand on the left; on the right someone standing over a woman, the two of them meeting. Contact.
暴	The sun on top, then a broad tangle of strokes bursting out underneath. An outburst.
武	Stop, with a halberd leaning across it. Arms.
比	Two spoons side by side, one just behind the other. Compare.
準	Water on the left, and on the right a bird standing over a level line. Conform.
率	A lid over a spray of dots with ten underneath, drawing them all in. A ratio.
示	Two lines with three legs hanging under them, a stone table where something is set out. Indicate.
築	Bamboo on top; underneath, a frame of craft-work standing on a tree. Build.
能	Two hooks on the left and two moons stacked on the right — the shape of what something can do. Ability.
興	Two hands at either side lifting the same thing, with eight underneath. Revive.
術	A crossroads split open, with millet growing up the middle of it. The knack of it: technique.
酸	A wine jar on the left; on the right a lid over a slow foot. Wine gone sour: acid.
非	Two wings back to back, turned away from each other. Not so.
並	Two little uprights over a wide flat base, a row of things all standing level. And.
亡	A lid with a bent line dropping away underneath it, gone from view. Deceased.
傷	A person on the left; on the right a lid over sunbeams with a slash through them. A wound.
冊	Two upright slips bound through the middle by one horizontal tie. A book.
券	Crossed strokes over a big one with a sword underneath — a slip cut in two so the halves have to match. A ticket.
卵	Two hanging shapes side by side, each with a speck inside it. Eggs.
后	A stroke leaning over a mouth tucked underneath it. The voice behind the throne: the empress.
垂	A line across the top with strokes hanging off it and earth at the bottom. Droop.
奏	Three crossed lines over a big stroke with something small underneath, both hands lifted up. Play music.
奮	Big at the top, a bird under it and a rice field at the bottom: a bird bursting up out of the field. Stirred up.
存	A stroke leaning over a child, keeping it going. Exist.
孝	An old man's stooped top with a child underneath holding him up. Filial piety.
寸	Ten with a single dot beside it, a thumb's width down from the wrist. A small measure.
専	A boxed shape stacked over a measure — this one job and nothing else. Exclusive.
就	The capital on the left with a stroke and a dot on the right, settling into place. Take up a post.
尺	A body shape with one long leg kicked out, an arm's span used as a rule. A foot in length.
展	A body hanging over a tangle of strokes with a long sweep underneath, opening out. Unfold.
己	Three strokes bent back on themselves in a tight zigzag. Self.
巻	Crossed strokes over a big one, wrapped round a seal at the bottom. A scroll.
干	Two horizontal lines with one upright through them, like a rack out in the sun. Dry.
従	A step on the left; on the right two little figures walking one behind the other. Follow.
我	A hand on the left with a halberd on the right, held out in front of you. Me.
承	A hand at the top, three lines through the middle and a hook below — passed down, and taken up. Acquiesce.
探	A hand on the left; on the right a hole with a tree under it, feeling about inside. Search.
敬	Grass over a mouth on the left, a strike on the right, pulling you up short. Respect.
権	A tree on the left; on the right two little horns over a bird. Authority.
段	A stepped shape on the left with a weapon on the right. Steps, and a grade.
激	Water on the left; on the right a white square over a direction, with a strike beside it. Violent.
熟	A tall shape with a hook to the right of it, and fire underneath. Cooked right through: ripe.
片	Half a tree trunk, split down the middle with only the right side kept. One-sided.
疑	A spoon and an arrow on the left, a fork in the road on the right — stopped, not knowing which. Doubt.
看	A hand held flat over an eye, shading it to look into the distance. Watch over.
磁	A stone on the left; on the right grass over two little tangles of thread. The stone that pulls: a magnet.
穀	A husked shape on the left with a weapon on the right, beating the husks off. Cereals.
臨	A retainer on the left, with a person over three boxes on the right, leaning down over them. Face it.
至	One line at the bottom with an arrow coming down to land on it. Arrive.
蔵	Grass on top; underneath, a cliff with a retainer and a halberd tucked inside it. A storehouse.
衆	Blood on top, and a crowd of little figures underneath. The masses.
裏	Clothes split open with a village sitting inside them. The inside, and the back.
補	Clothes on the left; on the right a field shape with a line down through it, patching the hole. Supplement.
覧	A retainer and a dish on top with see underneath, looking down over the lot. Perusal.
郷	A tangle on the left, a bowl in the middle and a village on the right — everyone home for dinner. The home town.
難	Grass over a mouth over a husband on the left, a small bird on the right. Difficult.
革	Twenty on top and a hide stretched out below it, pegged flat. Leather.
骨	A boxed shape up top with flesh hanging underneath it. A bone.
# ---- secondary 1 (8-1) ----
歳	A foot planted at the top, a blade swinging through the middle and small marks underneath — another notch cut for every year. Age.
企	A person standing on top of stop, up on tiptoe, planning the next move. Undertake.
藤	Grass on top, rising water below — a vine climbing up from the riverbank and hanging in purple clusters. Wisteria.
沢	Water on the left, a ruler on the right — water spread out only a ruler deep. A marsh.
与	A hook of a stroke with a flat line underneath, like a hand held out flat to pass something over. Give.
援	A hand on the left, lead on to on the right — reaching out and pulling someone along with you. Help.
施	A flag flapping on the left, with something hanging and curling from it on the right: a banner put up to hand things out. Give.
違	Tanned leather sitting on the road: two feet stamped on it going opposite ways. Differ.
鮮	A fish on the left, a sheep on the right — straight from the sea or the field, as fresh as food gets.
監	A retainer bent over on the left, a figure leaning in from the top right, and a dish underneath being watched. Oversee.
環	A king on the left, look around on the right — the king's jade ring you can look right round. A ring.
審	A roof on top, and under it everyone waiting their turn to be heard. A trial.
欧	A ward on the left, a yawn on the right — a long, long journey away to the far districts. Europe.
訴	Words on the left, reject on the right — words spoken against what you reject. Sue.
被	Clothes on the left, skin on the right — clothes pulled over your skin. Cover, and suffer.
韓	The sun rising between grass above and below on the left, and tanned leather on the right. Korea.
渡	Water on the left, degrees on the right — measuring each step as you wade across. Cross over.
影	Scenery on the left, hair-thin strokes on the right — the scenery drawn in light brushstrokes. A shadow.
含	Now on top, a mouth underneath — what the mouth is holding right now. Contain.
撃	A cart on the left, a weapon on the right and a hand below, swinging it. Attack.
核	A tree on the left, the sign of the hog on the right — the hard pit in the middle of the fruit. A core.
融	A cauldron on the left, an insect on the right — everything in the pot melting together. Dissolve.
況	Water on the left, an elder brother on the right, checking how deep it is first. The situation.
渉	Water on the left, walk on the right — walking straight through the water. Ford.
響	Home town on top, sound underneath — the sound of home bouncing back to you. Echo.
突	A hole on top, something big bursting up out of it. Thrust.
請	Words on the left, blue on the right — clear, clean words asking politely. Request.
攻	Craft on the left, strike on the right — a tool swung at the enemy's walls. Attack.
督	Uncle on top, an eye underneath — an uncle keeping an eye on everything. Command.
催	A person on the left, towering on the right — someone standing tall to call everyone together. Hold a meeting.
及	A person reaching out, and a hand coming up behind to catch them. Reach.
湾	Water on the left, a curve on the right — the sea curving into the coast. A bay.
離	A rare beast on the left, a small bird on the right — the bird takes off and gets away. Separate.
摘	A hand on the left, a stalk on the right, pinching it off. Pluck.
郎	Good on the left, a village on the right — the good young fellow the whole village knows. A son.
捜	A hand on the left, an old man on the right, feeling around for his glasses. Search.
超	Run wrapping underneath, summon sitting on top — running when you are called, faster than anyone. Super.
療	Sickness hanging over a bonfire — warmth and care until the illness goes. Heal.
捕	A hand on the left, a garden plot on the right, grabbing the rabbit in the vegetables. Catch.
振	A hand on the left, a dragon on the right, shaking its tail. Shake.
介	A person at the top with two strokes hanging down beneath, standing between two others. Go between.
迎	The road running under look up — look up the road and see who is coming to meet you. Welcome.
販	A shell on the left for money, turn back on the right — handing goods back for shells. Sell.
献	South on the left, a dog on the right — the dog sent south as a gift. Offer.
幅	Cloth on the left, full on the right — a cloth stretched out to its full width.
維	Thread on the left, a small bird on the right, tied up with it. Tie together, and fibre.
浜	Water on the left, troops on the right, landing on the sand. A beach.
彼	Step on the left, skin on the right — the one walking over there in his own skin. He.
般	A boat on the left, a weapon on the right, pushing the boat off. A carrier, and in general.
塁	A rice field on top, a sprinkle of ice and earth piled up below — heaped up into a wall. A fort, and a base.
邦	Abundant on the left, a village on the right — rich villages together make a country.
舞	A roof of strokes over lines like wide sleeves, and two feet stepping apart underneath. Dance.
遣	The road running under a middle tangle of stacked parts, sending them off down the road. Dispatch.
抗	A hand on the left, high spirits on the right — pushing back with your chin up. Resist.
雄	A forearm on the left, a small bird on the right, puffed up and flexing. Male, and heroic.
込	Road running under enter — everyone entering at once. Crowded.
緊	A retainer and a hand on top, pulling the thread underneath tight. Tense.
換	A hand on the left, lavish on the right — trading one lavish thing for another. Exchange.
占	Fortune-telling on top, a mouth underneath speaking the answer. Divine, and occupy.
廃	A lean-to hanging over departure — everyone has left and it falls apart. Abolish.
江	Water on the left, craft on the right — water that has carved its own way inland. An inlet.
頼	A bundle on the left, a head on the right, resting on it. Rely on.
僚	A person on the left, a bonfire on the right — the people sitting round the fire with you. A colleague.
吉	A scholar on top, a mouth underneath, speaking wise words. Good luck.
途	The road under surplus — so much road still to go. The route.
踏	A foot on the left, footwear on the right — stamping down. Step on.
抜	A hand on the left, a friend on the right — pulling your friend out. Pull out.
壊	Earth on the left; on the right ten over a net over clothes, all torn apart. Destroy.
債	A person on the left, blame on the right — the person who owes. Debt.
伸	A person on the left, state on the right — standing up to state something and stretching up tall. Stretch.
爆	Fire on the left, outburst on the right. Explode.
儀	A person on the left, righteousness on the right — doing things the right way. A ceremony.
継	Thread on the left; on the right little strands of thread packed in a box, tied end to end. Inherit.
狙	A dog on the left, a pile on the right — the dog eyeing the pile of food. Aim at.
闘	A gate enclosing a bean and a measure, fighting over the last one. Fight.
葬	Grass on top, death in the middle, and twenty hands lowering it underneath. Bury.
避	The road running under law — stepping round the law. Avoid.
普	A row on top, the sun underneath — the sun shines on the whole row. Everywhere.
逮	The road under extend — reaching out along the road to grab someone. Arrest.
婚	A woman on the left, dusk on the right — the evening wedding. Marriage.
齢	A tooth on the left, orders on the right — count the teeth to tell the years. Age.
迫	The road under white — something pale rushing at you down the road. Press close.
浮	Water on the left, hatch on the right — a newly hatched duckling bobbing up. Float.
惑	Some on top, heart underneath — some part of your heart pulling the other way. Be confused.
崩	A mountain on top, a companion underneath — the two of them crumble. Collapse.
聴	An ear on the left; ten over a net over a heart on the right — listening with ten ears and your whole heart. Listen.
脱	The moon on the left, exchange on the right — the moon swapping its old shape for a new one. Take off.
押	A hand on the left, armor on the right — pushing against it. Push.
倒	A person on the left, arrival on the right — arrives, trips and topples. Fall over.
了	A hook hanging down with a flourish on top — the last stroke of the story. Finished.
患	A skewer on top, heart underneath — a stabbing feeling in the heart. Suffer from.
締	Thread on the left, emperor on the right — the emperor's sash pulled tight. Tighten.
執	Happiness on the left, round on the right — holding on to happiness with both hands. Grasp.
絡	Thread on the left, each on the right — each strand looped round the next. Entwine.
房	A door hanging over direction — a little room off in one direction. A tassel, and a bunch.
募	Must not on top, strength underneath — use every bit of strength to call people in. Recruit.
撤	A hand on the left, raise in the middle, strike on the right — raising everything up and taking it away. Withdraw.
払	A hand on the left, private on the right — brushing off what is private. Pay, and sweep away.
削	Resemblance on the left, a knife on the right, whittling until it looks right. Shave down.
措	A hand on the left, once upon a time on the right — putting the old story aside. Set aside.
載	To cut wrapping round a cart — piling everything on to the cart. Load.
昇	The sun on top, a measuring box underneath — the sun climbing up the sides of it. Rise.
陣	A hill on the left, a cart on the right — carts lined up on the hill. A camp.
為	A tall shape with a sweeping hand and four dots of fire beneath it, getting something done. Do.
遅	The road under body and sheep — a body stuck behind sheep on the road. Late.
抑	A hand on the left, a seal on the right, pressing it down. Hold back.
択	A hand on the left, a ruler on the right — measuring each one before you choose. Choose.
秀	Grain on top, from underneath — grain grown from the very best seed. Excel.
徴	Step on the left, a mountain over a king in the middle, and a strike on the right. A sign, and a summons.
弾	A bow on the left, simple on the right — a simple twang of the bow. A bullet.
償	A person on the left, a prize on the right — paying back with a prize. Make amends.
拠	A hand on the left, place on the right — a hand on the place to hold on to. A foothold.
更	A sun-like box with a stroke through it and a sweeping line under, sitting late into the night. Grow late, and again.
拒	A hand on the left, a giant on the right — holding the giant off. Refuse.
刑	Level on the left, a knife on the right — making it level with a knife. A punishment.
塚	Earth on the left, a mound on the right — a mound of earth. A hillock.
致	Arrive on the left, strike on the right — making sure it arrives. Deliver.
抱	A hand on the left, a parcel on the right — hugging it close. Embrace.
繰	Thread on the left, chirping of birds on the right — thread spinning round like birds in a tree. Reel in.
尾	Body hanging over fur — the fur at the back of the body. A tail.
描	A hand on the left, a seedling on the right — sketching the seedling. Draw.
恐	Craft and ordinary on top, a heart underneath — an ordinary heart beating fast. Fear.
鈴	Metal on the left, orders on the right — the metal that rings out orders. A bell.
盤	A carrier on top, a dish underneath — a big flat dish. A tray.
項	Craft on the left, a head on the right — the back of the neck. A clause.
喪	Ten on top of two mouths, and clothes underneath: everyone crying in black clothes. Mourning.
伴	A person on the left, half on the right — the other half who goes with you. Accompany.
懸	County on top, heart underneath — the whole county hanging on the news. Hang.
戻	A door with a big shape standing inside it, turning back. Return.
巨	A tall box shape with a line tucked inside it, big enough to fill the page. Gigantic.
震	Rain on top, a dragon underneath, shaking the ground. Quake.
越	Run wrapping under a battle-axe — running and jumping over it. Cross over.
契	A sprout and a sword on top, big underneath — a big promise carved in. A pledge.
掲	A hand on the left, why on the right — lifting up a notice to say why. Put up.
躍	A foot on the left, a pheasant on the right, leaping up. Leap.
棄	A lid over a small figure, a basket with a tree under it — tipping it all away. Throw away.
触	A horn on the left, an insect on the right, feeling about with its feelers. Touch.
邸	A base on the left, a village on the right — the house the village is built round. A residence.
依	A person on the left, clothes on the right — relying on the clothes you wear. Depend on.
籍	Bamboo on top, a plough and once upon a time underneath — the old bamboo register of every farm. Register.
汚	Water on the left with a crooked line on the right, all mucky. Dirty.
還	The road under look around — look around and head back down the road. Return.
互	Two flat lines with a zigzag hooking between them, each side holding the other. Mutually.
慮	Tiger stripes hanging over think — thinking carefully about the tiger. Consider.
枠	A tree on the left, a soldier on the right — standing to attention in a wooden frame. A frame.
恵	A field with a line through it and a heart underneath, handing over a kindness. A blessing.
露	Rain on top, a path underneath — the path wet with dew in the morning. Dew, and expose.
逃	The road under an omen — see a bad omen and run away down the road. Escape.
緩	Thread on the left, lead on to on the right — letting the thread lead on loosely. Loosen.
需	Rain on top, a beard underneath, dripping — you need a towel. Demand.
傾	A person on the left, time on the right — leaning further over as time goes by. Lean.
購	A shell on the left, put together on the right — putting shells together to pay. Buy.
充	A lid over a little private mark, with legs underneath, standing full to the brim. Fill.
緒	Thread on the left, a person on the right — the end of the thread a person picks up first. The beginning.
跡	A foot on the left, also on the right — and also another, and another. Tracks.
駐	A horse on the left, a master on the right — the master stops his horse to stay. Stop over.
貢	Craft on top, a shell underneath — crafted things and money sent up as tribute.
却	Gone on the left, a seal on the right — gone back where it came from. Retreat, and instead.
端	Stand on the left, sprouting on the right — standing at the very tip of the new shoot. An edge.
紹	Thread on the left, summon on the right — pulling a thread to call someone over. Introduce.
獲	A dog on the left, to measure on the right — the dog brings back what it caught. Seize.
併	A person on the left, side by side on the right — people side by side. Join together.
徹	Step on the left, raise in the middle, strike on the right — pushing all the way through. Penetrate.
衝	Crossroads wrapped round something heavy — the heavy cart crashes in the middle. Collide.
焦	A small bird on top, fire underneath — the bird getting scorched. Char, and hurry.
奪	A big figure with a small bird clutched in a hand underneath — snatched away. Rob.
雇	A door hanging over a small bird — the bird hired to keep the door. Hire.
浦	Water on the left, a garden plot on the right — a small bay beside the gardens. An inlet.
替	Two husbands side by side over the sun — one taking over from the other. Replace.
析	A tree on the left, an axe on the right, splitting it down the middle. Analyse.
譲	Words on the left, help on the right — offering your place with kind words. Hand over.
称	Grain on the left, you on the right — you praised for your fine grain. Praise, and name.
挑	A hand on the left, an omen on the right — daring to take on the omen. Challenge.
誘	Words on the left, excel on the right — words that make you want to do your best. Invite.
紛	Thread on the left, part on the right — the threads parted and tangled up. Confuse.
促	A person on the left, a foot on the right, nudging them along. Urge.
慎	A heart on the left, true on the right — keeping your heart true and careful. Discreet.
控	A hand on the left, empty on the right — holding back with an empty hand. Hold back.
贈	A shell on the left, formerly on the right — money sent as it was before. Give a present.
握	A hand on the left, a shop on the right, gripping the shop's door handle. Grip.
俊	A person on the left, a tall figure stepping out on the right, quick and clever. Genius.
薄	Grass on top, far and wide underneath — grass spread so far it grows thin. Thin.
渋	Water on the left, a stop mark on top of little dots on the right — a sour drink that stops your mouth. Astringent.
銃	Metal on the left, allot on the right — metal loaded and ready. A gun.
携	A hand on the left, superior on the right — carrying the best one in your hand. Carry.
# ---- secondary 2 (8-2) ----
奥	A slash and an open box with rice tucked inside, and something big underneath — the rice kept at the very back. The interior.
診	Words on the left; a person over hair on the right — the doctor looking you over from head to hair and asking questions. Diagnose.
詰	Words on the left, good luck on the right — every lucky word crammed in. Packed tight.
託	Words on the left, to depend on on the right — words you depend on someone to pass on. Entrust.
撮	A hand on the left, utmost on the right — a hand at its utmost stillness taking the picture. Take a photo.
侵	A person on the left with a hand reaching over a cover and grabbing on the right. Invade.
括	A hand on the left, a tongue on the right — the hand ties a knot and the tongue pokes out in concentration. Fasten.
掛	A hand on the left, a hexagram on the right — hanging the lucky sign on the wall. Hang.
双	Two hands side by side, just alike. A pair.
刺	A thorn on the left, a knife on the right — both of them pointed. Stab.
到	Arrive on the left, a knife on the right — arriving at the sharp end. Arrival.
駆	A horse on the left, a ward on the right — galloping from one district to the next. Drive on.
寝	A roof over a bed of split wood, with a broom and a hand tidying the room. Lie down and sleep.
透	The road running under excel — the best glass lets the road show straight through. Transparent.
津	Water on the left, a brush on the right — the harbour name painted by the water. A port.
壁	Law on top, earth underneath — the earth walls the law set up. A wall.
稲	Grain on the left; a claw over old times on the right, picking the ripe ears. Rice plant.
裂	File on top, clothes underneath — the clothes cut into a file of strips. Tear.
敏	Every on the left, strike on the right — quick to strike every time. Agile.
是	The sun on top, a foot underneath, walking straight under it. Just so.
排	A hand on the left, not on the right — pushing away what is not wanted. Exclude.
裕	Clothes on the left, a valley on the right — clothes as wide as a valley. Abundant.
堅	A retainer and a hand on top, earth underneath — packed down hard. Solid.
盗	Next on top, a dish underneath — next thing you know, the dish has gone. Steal.
芝	Grass on top, setting out underneath — grass spreading out flat. A lawn.
綱	Thread on the left, a mount on the right — thick rope hauled up the hill. A rope.
扱	A hand on the left, reach on the right — reaching out to handle it. Handle.
顧	Hire on the left, a head on the right — turning your head to look back. Look back.
訟	Words on the left, public on the right — words said in public court. Sue.
戒	A halberd hanging over twenty hands, all on guard. A commandment.
祉	An altar on the left, stop on the right — blessings stopping at your door. Welfare.
誉	Small and eight on top, words underneath — eight small words of praise. Honour.
歓	A tangle of grass and bird on the left and a yawn on the right, mouth wide open cheering. Delight.
勧	A tangle of grass and bird on the left and strength on the right, pushing you forward. Recommend.
騒	A horse on the left, a hand on top and an insect underneath — a horse with a bug in its ear. Make a noise.
閥	A gate enclosing fell — cutting everyone else out of the gate. A clique.
甲	A field with its line pushed down through the bottom, like a shell on a turtle. Armour, and first.
揺	A hand on the left, a vase on the right, wobbling. Shake.
免	A bending person over a box on legs, slipping out. Excuse.
既	Stopping on the left, choking on the right — you have already had enough. Already.
薦	Grass on top, a deer-like beast under a lean-to, and dots of fire below. Recommend.
隣	A hill on the left, phosphorus on the right — the lights glowing on the next hill. Next door.
悩	A heart on the left, small over a villain on the right — a small villain nagging at your heart. Worry.
華	Grass on top of a tall stem with leaves on both sides, one line running straight down. Splendid, and a flower.
御	Step on the left, wholesale on the right — stepping carefully around the honoured guest. Honourable.
範	Bamboo on top, a cart and a seal underneath — the bamboo model everyone copies. A pattern.
隠	A hill on the left; a claw, a tool, a hand and a heart on the right, tucked out of sight. Hide.
哲	Fold on top, a mouth underneath — folding ideas over in your mouth. Philosophy.
杉	A tree on the left, hair on the right — a tree with long feathery needles. Cedar.
釈	Divide on the left, a ruler on the right — measuring it out piece by piece. Explain.
荒	Grass on top, deceased in the middle and a stream underneath — the dead grass washed away. Wild, and rough.
硬	Stone on the left, grow late on the right — stone left to set overnight. Hard.
妥	A claw on top, a woman underneath, calming it down. Peaceful, and fair.
威	A halberd with a woman and one line tucked inside it, standing firm. Dignity.
豪	A lid, a mouth and a cover on top of a pig — a great big pig. Powerful.
滞	Water on the left, a sash on the right — water tied up and going nowhere. Stagnate.
微	Step on the left, a mountain over a small figure in the middle, and a strike on the right. Tiny.
隆	A hill on the left; winter's foot over life on the right — life pushing up the hill. High, and thriving.
埋	Earth on the left, a village on the right — the village buried under earth. Bury.
症	Sickness hanging over correct — the correct name for what is wrong. Symptoms.
暫	Chop on top, the sun underneath — the sun cut short. A little while.
肝	The moon for flesh on the left, dry on the right — the organ that dries out the body. The liver.
喚	A mouth on the left, lavish on the right — a big lavish shout. Call out.
妙	A woman on the left, few on the right — a few odd words she says. Strange, and exquisite.
袋	Substitute on top, clothes underneath — clothes used as a stand-in bag. A bag.
索	Ten and a cover on top, thread underneath — ten strands twisted into a cord. Search.
襲	A great dragon on top, clothes underneath — the dragon swooping down. Attack.
吹	A mouth on the left, a yawn on the right — mouth wide open, blowing. Blow.
懇	A badger and stopping on top, a heart underneath — stopping to be kind to the badger. Cordial.
柄	A tree on the left, third on the right — the third piece of wood: the handle. A handle, and a pattern.
驚	Awe on top, a horse underneath, rearing up. Be surprised.
麻	A lean-to hanging over a grove — hemp stalks drying under the roof. Hemp.
封	A square jewel on the left, measure on the right — the jewel measured out and sealed. Seal.
娘	A woman on the left, good on the right — a good young girl. Daughter.
剤	Adjusted on the left, a knife on the right — cut and adjusted to just the right dose. Medicine.
瀬	Water on the left, trust on the right — water you must not trust. Rapids.
趣	Run wrapping under take — running off to take what you enjoy. Taste, and gist.
陥	A hill on the left; a bending person over old times on the right, slipping into the pit. Fall in.
斎	A neat shape at the top with an altar tucked underneath, purified and ready. Purification.
貫	Do not on top, a shell underneath — a string threaded through the shell. Pierce.
仙	A person on the left, a mountain on the right — the wise one living up the mountain. A hermit.
慰	An officer on top, a heart underneath — the officer comforting you. Console.
賢	A retainer and a hand on top, a shell underneath — the retainer who handles the money wisely. Wise.
旬	Wrap enclosing the sun — ten suns wrapped up together. Ten days, and in season.
腕	The moon for flesh on the left, address on the right — the part you write the address with. An arm.
兼	Two hands grasping two stalks at once, with eight strokes spreading out on top. Do both.
旨	A spoon on top, the sun underneath — a spoonful in the sunshine. Delicious, and the point.
即	Stopping on the left, a seal on the right — stamp it and it is done at once. Instantly.
柳	A tree on the left, a hare on the right — the hare resting under the drooping branches. A willow.
偽	A person on the left, do on the right — a person doing something fake. False.
較	A cart on the left, mix on the right — putting carts side by side to compare.
覇	A cover on top, leather and the moon underneath — the rider who rules everything under the sky. Supremacy.
床	A lean-to hanging over a tree — the wooden floor under the roof. A floor, and a bed.
詳	Words on the left, a sheep on the right — describing every hair on the sheep. Detailed.
抵	A hand on the left, a base on the right, pushing back against it. Resist.
脅	Combined strength on top, the moon for flesh underneath — muscles flexed to scare you. Threaten.
柔	A spear on top, a tree underneath — the springy wood the spear shaft is made from. Soft.
茂	Grass on top, a pole-axe underneath — grass so thick you need a pole-axe to clear it. Grow thick.
犠	A cow on the left, righteousness on the right — the cow given up for what is right. Sacrifice.
距	A foot on the left, a giant on the right — a giant's stride. Distance.
雅	A tusk on the left, a small bird on the right — the graceful curve of both. Elegant.
飾	Food on the left, and a person over cloth on the right, laying out a pretty table. Decorate.
網	Thread on the left, a fishing net on the right. A net.
竜	Stand on top of a sun with a long tail curling out underneath. A dragon.
繁	Quick on top, thread underneath — thread spun thick and fast. Thick, and prosperous.
殿	Body hanging over together, with a weapon on the right — the guards together in the great hall. A hall, and a lord.
濃	Water on the left, farming on the right — thick muddy farm water. Dense.
翼	Feathers on top, different underneath — the feathers that make a bird different. A wing.
魅	A ghost wrapping round not yet — a ghost you have not seen yet but cannot stop thinking about. Charm.
嫌	A woman on the left, combine on the right — being made to do two jobs at once. Dislike.
斉	A patterned top with two legs standing evenly beneath it, all in line. Alike.
敷	Spread out on the left, strike on the right — smacking the mat flat. Spread.
擁	A hand on the left, harmony on the right — a hug that brings harmony. Embrace.
肩	A door hanging over the moon for flesh — the flat part of your body like a door. A shoulder.
圏	An enclosure round a scroll — the circle the scroll is rolled into. A sphere.
零	Rain on top, orders underneath — the rain has been ordered to stop. Zero.
罰	A net on top, words and a knife underneath — caught, told off and cut down to size. Penalty.
怒	A servant on top, a heart underneath — the servant's heart boiling over. Angry.
滅	Water on the left, and a halberd over fire on the right — the fire put out. Destroy.
礎	Stone on the left, a whip on the right — the stone beaten into place first. A foundation stone.
腐	Government hanging over meat — meat left in the office too long. Rot.
脚	The moon for flesh on the left, retreat on the right — what carries you away. A leg.
泊	Water on the left, white on the right — boats tied up in the white moonlight for the night. Stay the night.
尽	A ruler on top, ice underneath — melting away until nothing is left. Use up.
杯	A tree on the left, negative on the right — a wooden cup, not full any more. A cupful.
僕	A person on the left, a thicket on the right — the helper who clears the brush. Me, and servant.
滑	Water on the left, a skeleton on the right, slipping over. Slippery.
孤	A child on the left, a melon on the right — one melon left on the vine. Alone.
炎	Fire on top of fire — flames twice over. Blaze.
賠	A shell on the left, spit on the right — spitting out money to pay for it. Compensate.
寿	Three lines through a tall stroke with a measure hooked underneath — a long, long life. Longevity.
頑	Beginning on the left, a head on the right — a head that is still stuck on where it began. Stubborn.
甘	A mouth shape with something held on the tongue inside it. Sweet.
鎖	Metal on the left, small over a shell on the right — small metal links strung like shells. A chain.
彩	Pick on the left, hair on the right — picking brushes to paint with. Colouring.
摩	Hemp hanging over a hand — rubbing hemp between your palms. Rub.
励	Cliff and ten thousand on the left, strength on the right — ten thousand times the strength to climb the cliff. Encourage.
掃	A hand on the left, a broom on the right. Sweep.
掘	A hand on the left, crouch on the right — crouching down to dig. Dig.
輝	Light on the left, an army on the right — the army's armour gleaming. Shine.
蓄	Grass on top, livestock underneath — grass saved up for the animals. Store up.
軸	A cart on the left, reason on the right — the reason the wheel turns. An axle.
巡	The road under a stream — going round and round like the river. Patrol.
疲	Sickness hanging over skin — skin and bones, worn out. Tired.
稼	Grain on the left, a house on the right — bringing the grain home. Earn.
瞬	An eye on the left, a hibiscus on the right — open and closed as quick as the flower. A blink.
皆	Compare on top, white underneath — compare them all side by side. Everyone.
砲	Stone on the left, a parcel on the right — a stone parcel fired off. A cannon.
軟	A cart on the left, a yawn on the right — a soft, sleepy ride. Soft.
噴	A mouth on the left, decorate on the right — a fountain spraying out decorations. Spout.
沈	Water on the left, wander on the right — wandering too deep. Sink.
誇	Words on the left, boast on the right. Be proud.
祥	An altar on the left, a sheep on the right — the sheep brought to the shrine for luck. Good fortune.
牲	A cow on the left, life on the right — a life given up at the altar. Offering.
秩	Grain on the left, lose on the right — no grain lost when it is kept in order. Order.
帝	A lid and a cover over a knot, with cloth hanging down — a grand robe. Emperor.
唆	A mouth on the left and a tall figure stepping out on the right, whispering. Tempt.
阻	A hill on the left, a pile on the right — a pile of rocks blocking the path. Obstruct.
泰	Three lines with two sweeping arms held wide over water, calm and still. Peaceful.
賄	A shell on the left, possess on the right — money slipped to someone to get what they have. A bribe.
撲	A hand on the left, a thicket on the right — slapping your way through. Strike.
凍	Ice on the left, east on the right — the east wind freezing everything. Frozen.
堀	Earth on the left, crouch on the right — crouching to dig the earth out. A moat.
菊	Grass on top, a handful underneath — a handful of petals. Chrysanthemum.
絞	Thread on the left, mix on the right — threads twisted and wrung. Squeeze.
煙	Fire on the left, block up on the right — the fire is blocked and it all goes up in smoke. Smoke.
縁	Thread on the left, a boar on the right — the thread that ties you to the boar. A connection.
唯	A mouth on the left, a small bird on the right — only one small bird singing. Only.
膨	The moon for flesh on the left, drumming on the right — a tummy as round as a drum. Swell.
耐	A beard on the left, measure on the right — measuring how long you can stand it. Endure.
恋	Also on top, a heart underneath — your heart also longs for them. Romance.
塾	A figure bent over a round thing, with earth underneath — lessons after school. A cram school.
漏	Water on the left, and on the right rain dripping inside a body — the roof leaks. Leak.
慶	A lean-to over a deer-like beast, a heart and winter's foot below, all celebrating. Rejoice.
猛	A dog on the left, eldest on the right — the oldest, fiercest dog. Fierce.
芳	Grass on top, direction underneath — the scent drifting in every direction. Fragrant.
懲	Signs on top, a heart underneath — heart learning from the warning signs. Punish.
郊	Mix on the left, a village on the right — where the town mixes into villages. The suburbs.
剣	All together on the left, a knife on the right — every blade together. A sword.
腰	The moon for flesh on the left, need on the right — the body part you need most. The waist.
踊	A foot on the left, a walled path on the right — feet dancing along the path. Dance.
彰	A badge on the left, hair on the right — a badge polished to shine. Clear.
棋	A tree on the left, that on the right — that wooden board game. Japanese chess.
恒	A heart on the left, span on the right — a heart that lasts the whole span. Always.
眠	An eye on the left, people on the right — everyone with their eyes closed. Sleep.
# ---- secondary 3 (8-3) ----
揚	A hand on the left, sunbeams on the right — lifting it up into the sunshine. Raise.
冒	The sun on top, an eye underneath — staring into the sun. Risk.
曽	Eight on top of a rice field over the sun — the field as it used to be. Formerly.
倫	A person on the left, order on the right — people keeping things in the right order. Ethics.
陳	A hill on the left, east on the right — setting everything out on the eastern hill. Display.
憶	A heart on the left, an idea on the right — an idea kept in the heart. Remember.
怖	A heart on the left, linen on the right — hiding under the sheets, heart thumping. Scary.
潜	Water on the left, swap on the right — swapping the air for water. Dive under.
珍	A king on the left; a person over hair on the right — a king with a person's hair — how odd. Rare.
克	Old on top, an elder brother underneath — the old brother who gets through anything. Overcome.
岳	A knoll on top, a mountain underneath — a hill stacked on a mountain. A peak.
概	A tree on the left, already on the right — the trunk already there before the details. An outline.
拘	A hand on the left, a phrase on the right — holding on to a single phrase. Seize, and fuss over.
黙	Black on the left and a dog on the right, both keeping perfectly still in the dark. Silence.
須	Hair on the left, a head on the right — you must brush it. Necessarily.
偏	A person on the left, flat on the right — a person leaning over to one side. Lopsided.
雰	Rain on top, part underneath — the rain split into a fine mist. Atmosphere.
遇	The road under a monkey — meeting a monkey on the road. Encounter.
諮	Words on the left, consult on the right — words asking for advice. Consult.
狭	A dog on the left, sandwiched on the right — a dog squeezed in a tiny gap. Narrow.
喫	A mouth on the left, a pledge on the right — promising to eat every bite. Eat, drink, and smoke.
卓	Fortune-telling on top, early underneath — the fortune-teller up early at the head of the table. Eminent, and a table.
亀	A head poking out over a patterned shell, with a tail curling behind. A turtle.
糧	Rice on the left, quantity on the right — plenty of rice for the journey. Provisions.
簿	Bamboo on top, far and wide underneath — bamboo slips listing everything far and wide. A register.
炉	Fire on the left, a door on the right — the fire behind the little door. A furnace.
殊	A bone on the left, vermilion on the right — a bright red bone, very unusual. Especially.
殖	A bone on the left, straight on the right — bones growing straight and multiplying. Increase.
艦	A boat on the left, oversee on the right — the boat that oversees the fleet. A warship.
溶	Water on the left, contain on the right — the water contains it all now. Melt.
輩	Not on top, a cart underneath — carts not alone but in a line. Fellows.
奇	Big on top, can underneath — a big "can it be?" Strange.
慢	A heart on the left, stretched out on the right — a heart lying stretched out, doing nothing. Lazy, and proud.
鶴	A crane on the left, a bird on the right — the crane twice over. Crane.
謀	Words on the left, someone on the right — words whispered with someone else. Plot.
拍	A hand on the left, white on the right — white palms clapping. Clap.
丈	A cross with one long sweeping leg, like a measuring stick held out. Length, and sturdy.
寛	A roof on top, edible greens underneath — a big roof sharing its greens with everyone. Generous.
覆	A cover on top, restore underneath — putting the cover back on. Cover, and overturn.
胞	The moon for flesh on the left, a parcel on the right — a tiny parcel of flesh. A cell.
涙	Water on the left, go back on the right — water going back down your cheeks. Tears.
隔	A hill on the left, a cauldron on the right — a hill between you and the cooking pot. Separate.
浄	Water on the left, contend on the right — water fighting the dirt away. Clean.
匹	A hiding box with legs tucked inside — a small animal peeking out. A counter for animals.
没	Water on the left, a weapon on the right — the weapon sinks. Sink.
暇	The sun on the left, borrowed on the right — a day borrowed for yourself. Free time.
貞	Fortune-telling on top, a shell underneath — an honest reading, straight up. Upright.
鑑	Metal on the left, oversee on the right — the metal mirror you look into. A model, and to judge.
陰	A hill on the left; now over a cloud on the right — the cloud has just covered the hill. Shade.
銘	Metal on the left, a name on the right — a name carved in metal. An inscription.
鋭	Metal on the left, exchange on the right — the blade swapped for a sharper one. Sharp.
随	A hill and a road on the left with meat piled up on the right, following along. Follow.
烈	File on top, fire underneath — a whole line on fire. Fierce.
尋	A hand on top, measure underneath — a hand stretched out to measure. Ask.
稿	Grain on the left, tall on the right — a tall stack of straw paper. A draft.
丹	An open box with a dot and a line inside — red paint in the pot. Red.
啓	A door and a strike on top, a mouth underneath — knock on the door and speak up. Open, and say.
丘	An axe-shaped top standing on one long line — a little hill. A knoll.
棟	A tree on the left, east on the right — the long beam across the top of the house. A ridgepole.
壌	Earth on the left, help on the right — earth that helps things grow. Soil.
漫	Water on the left, stretched out on the right — water spreading everywhere at random. Aimless, and comics.
玄	A lid on top of a tiny thread, deep and dark. Mysterious.
粘	Rice on the left, divination on the right — sticky rice, you could tell. Sticky.
悟	A heart on the left, I on the right — my heart finally sees it. Realise.
舗	A person over good luck on the left, a garden plot on the right — a lucky little shop by the garden. A shop, and paving.
妊	A woman on the left with a big round figure on the right. Pregnant.
塗	Muddy on top, earth underneath — smearing the earth with mud. Paint.
軒	A cart on the left, dry on the right — the cart kept dry under the eaves. Eaves.
騰	The moon and a pair of hands on the left, a horse leaping up on the right. Rise.
遂	The road running under a pig with little horns, trotting all the way to the end. Accomplish.
狂	A dog on the left, a king on the right — a dog that thinks it is king. Crazy.
叫	A mouth on the left, a twisted cord on the right — a scream as tight as a cord. Shout.
緯	Thread on the left, tanned leather on the right — the threads going across. Latitude.
培	Earth on the left, spit on the right — spitting on the seeds to help them grow. Cultivate.
衰	A lid and clothes wrapped round a little figure, all worn down. Decline.
艇	A boat on the left, court on the right — the little boat from the palace. A rowing boat.
屈	Body hanging over exit — ducking low to get out. Crouch.
淡	Water on the left, flames on the right — flames dampened down pale. Faint.
抽	A hand on the left, reason on the right — pulling out the reason. Extract.
披	A hand on the left, skin on the right — peeling the skin open. Open up.
廷	A long stride with a person standing on earth inside it. A court.
錦	Metal on the left, cloth on the right — cloth woven with metal thread. Brocade.
准	Ice on the left, a small bird on the right — the bird almost frozen. Semi-.
奨	A leader on top, big underneath — a big push from the leader. Encourage.
浸	Water on the left, and a hand reaching under a cover on the right. Soak.
剰	Ride on the left, a knife on the right — the bit that rides over, cut off. Surplus.
胆	The moon for flesh on the left, daybreak on the right — the guts to get up at dawn. Courage.
繊	Thread on the left, and on the right a halberd cutting tiny strips. Fine.
駒	A horse on the left, a phrase on the right — a little horse. A pony, and a chess piece.
乾	A sun between grass on the left, and a tall figure stretched out to dry on the right. Dry.
虚	Tiger stripes on top of a row of little stands, with nothing inside. Empty.
霊	Rain on top of two short lines standing in a row. A spirit.
悔	A heart on the left, every on the right — the heart going over every mistake. Regret.
諭	Words on the left, a dugout canoe on the right — words carrying you across. Admonish.
祈	An altar on the left, an axe on the right — praying at the altar. Pray.
惨	A heart on the left, join in on the right — hearts joining in the sorrow. Miserable.
虐	Tiger stripes over a claw, scratching. Cruel.
翻	Turn on the left, feathers on the right — feathers turning over. Flip.
墜	A squad on top, earth underneath — the squad falling to the earth. Crash.
沼	Water on the left, summon on the right — the water that calls you in. A swamp.
据	A hand on the left, reside on the right — setting it down to stay. Set in place.
徐	Step on the left, surplus on the right — plenty of steps, no rush. Slowly.
搭	A hand on the left, adzuki beans on the right — loading the beans on board. Board.
髪	Long hair on top, a friend underneath. Hair of the head.
忙	A heart on the left, deceased on the right — so busy your heart has no time. Busy.
盾	A cliff hanging over ten and an eye — ten eyes peeping from behind it. A shield.
滝	Water on the left, a great dragon on the right — water pouring down like a dragon. A waterfall.
軌	A cart on the left, nine on the right — nine carts on the same track. A rut.
妨	A woman on the left, direction on the right, blocking the way. Hinder.
擦	A hand on the left, inspect on the right — rubbing it to inspect it. Rub.
鯨	A fish on the left, capital on the right — the capital of all fish. A whale.
荘	Grass on top, robust underneath — a sturdy house in the fields. A villa.
諾	Words on the left, young on the right — the young say yes. Consent.
雷	Rain on top, a rice field underneath — the storm crashing over the fields. Thunder.
漂	Water on the left, a ballot on the right — ballot papers drifting on the water. Drift.
懐	A heart on the left; ten over a net over clothes on the right — holding it close in your clothes. Nostalgic.
勘	Extremely on the left, strength on the right — a strong gut feeling. Intuition.
栽	To cut wrapping round a tree — cutting and planting trees. Plant.
拐	A hand on the left; a mouth over a sword on the right — grabbed and carried off. Kidnap.
駄	A horse on the left, plump on the right — a plump old packhorse. Useless.
添	Water on the left, honoured on the right — honoured to add a splash. Add.
汗	Water on the left, dry on the right — water that wets you until you dry off. Sweat.
冠	A cover on top, with beginning and measure tucked underneath — the thing that goes on first. A crown.
斜	Surplus on the left, a dipper on the right — the dipper tipped over sideways. Slanting.
浪	Water on the left, good on the right — good waves for surfing. Waves, and wandering.
亜	A box shape with a cross inside, sitting between two lines. Second, and Asia.
詐	Words on the left, suddenly on the right — words that suddenly change. Lie.
壇	Earth on the left, a granary on the right — the earth raised up like a granary. A stage.
勲	Move on top, fire underneath — deeds that set everything moving. Merit.
魔	Hemp hanging over a ghost — a ghost hiding in the hemp. A demon.
酬	A wine jar on the left, province on the right — wine sent back to the province. Reward.
紫	Here on top, thread underneath — this is the purple thread. Purple.
湿	Water on the left, and the sun over little dots on the right. Damp.
紋	Thread on the left, writing on the right — writing stitched in thread. A family crest.
卸	Noon and correct on the left, a seal on the right — correct and stamped by noon. Wholesale.
欄	A tree on the left, a barrier on the right — a wooden barrier. A handrail, and a column.
逸	The road under excuse — making an excuse and slipping off down the road. Deviate.
涯	A precipice wrapped round water — the cliff where the water ends. The horizon.
拓	A hand on the left, stone on the right — clearing the stones away. Open up.
瓶	Side by side on the left, a tile on the right — clay bottles side by side. A bottle.
獄	A dog on the left, words in the middle and a dog on the right — two dogs guarding the words. Prison.
尚	Small on top, open country underneath — small things in the open country, still there. Esteem, and still.
彫	Circuit on the left, hair on the right — fine lines carved round and round. Carve.
咲	A mouth on the left, a frontier pass on the right — flowers bursting out along the pass. Bloom.
穏	Grain on the left, and a claw, a tool, a hand and a heart on the right, all calm. Calm.
顕	The sun over silk threads on the left and a head on the right, clearly on show. Appear.
巧	A line bent round into a neat little hook beside a craft shape. Skilful.
矛	A shaft with a hooked blade at the top, ready to thrust. A spear.
垣	Earth on the left, span on the right — earth across the whole span. A fence.
召	A sword on top, a mouth underneath — calling out and pointing the sword. Summon.
欺	That on the left, a yawn on the right — that big yawn is pretend. Deceive.
釣	Metal on the left, a ladle on the right — a metal hook to scoop up the fish. Fish.
缶	A lid shape over a pot with a cross at the top. A tin can.
粧	Rice on the left, a manor on the right — rice powder for the lady of the manor. Make-up.
隻	A small bird on top, a hand underneath holding only one. One of a pair, and a counter for ships.
葛	Grass on top, why underneath — why is this vine everywhere? Arrowroot.
脂	The moon for flesh on the left, delicious on the right — the delicious fatty bit. Fat.
粛	A brush-like shape over tidy little marks, very quiet and serious. Solemn.
愚	A monkey on top, a heart underneath — a silly monkey heart. Foolish.
遭	The road under clerks — bumping into the clerks on the road. Encounter.
架	Add on top, a tree underneath — wood added up into a frame. A rack.
鬼	A ghost head on top of legs and a private mark. A demon.
庶	A lean-to hanging over twenty and fire — everyone crowded round the fire. Ordinary people.
肌	The moon for flesh on the left, a table on the right — skin as smooth as a table. Skin.
稚	Grain on the left, a small bird on the right — a baby bird in the grain. Young.
靴	Leather on the left, change on the right — leather changed into shoes. Shoes.
幻	A tiny thread on the left and a hook on the right — a thread that vanishes. An illusion.
煮	A person on top, fire underneath — someone cooking over the fire. Boil.
姫	A woman on the left, a retainer on the right — the woman the retainer bows to. A princess.
誓	Fold on top, words underneath — folding your words into a promise. Vow.
把	A hand on the left, a coil on the right — a hand gripping the coil. Grasp.
践	A foot on the left, small on the right — small steps. Tread.
呈	A mouth on top, a king underneath — speaking up to the king. Present.
疎	A foot on the left, a bundle on the right — a foot walking away from the bundle. Distant.
仰	A person on the left, look up on the right. Look up.
鈍	Metal on the left, barracks on the right — an old blade left in the barracks. Blunt.
恥	An ear on the left, a heart on the right — your ears going red. Shame.
剛	A mount on the left, a knife on the right — as strong as a mountain. Sturdy.
疾	Sickness hanging over an arrow — sickness as quick as an arrow. Fast, and illness.
征	Step on the left, correct on the right — marching to put things right. Conquer.
砕	Stone on the left, a soldier on the right, smashing it. Smash.
謡	Words on the left, a vase on the right — words sung over the vase. A song.
嫁	A woman on the left, a house on the right — the woman joining the house. A bride.
謙	Words on the left, combine on the right — words that give credit to everyone. Humble.
嘆	A mouth on the left; grass over a mouth over a husband on the right — two mouths sighing. Lament.
# ---- secondary 4 (8-4) ----
菌	Grass on top of a box with grain growing inside it, going mouldy. A germ.
鎌	Metal on the left, combine on the right — the blade that cuts and gathers in one sweep. A sickle.
泥	Water on the left, a nun on the right — the nun's robe dragging in the wet. Mud.
頻	Walk on the left, a head on the right — nodding along as you walk, again and again. Frequently.
琴	A king on the left and a king on the right, now sitting down to play. A harp.
棚	A tree on the left, a companion on the right — two wooden boards side by side. A shelf.
酷	A wine jar on the left, revelation on the right — a harsh truth after too much wine. Cruel.
宰	A roof on top, spicy underneath — the one who runs the spicy kitchen. Manage.
廊	A lean-to hanging over a young man walking down it. A corridor.
寂	A roof on top, an uncle underneath, all alone at home. Lonely.
隅	A hill on the left, a monkey on the right, tucked in the corner. A corner.
偶	A person on the left, a monkey on the right — bumping into a monkey by chance. By chance, and a pair.
伏	A person on the left, a dog on the right — lying down flat like a dog. Lie face down.
辛	Stand on top, ten underneath — standing through ten hot days. Spicy, and hard.
磨	Hemp hanging over a stone — rubbing the stone with hemp. Polish.
碁	That on top, a stone underneath — the game with stones. Go.
俗	A person on the left, a valley on the right — the ordinary folk down in the valley. Customs, and vulgar.
漠	Water on the left, must not on the right — must not expect water here. A desert, and vague.
邪	A tusk on the left, a village on the right — the tusked beast troubling the village. Wicked.
晶	The sun three times over, stacked up and sparkling. Crystal.
墨	Black on top, earth underneath — black earth pressed into sticks. Ink.
鎮	Metal on the left, true on the right — a solid metal weight holding it down. Calm down.
洞	Water on the left, same on the right — water cutting the same hole over and over. A cave.
履	Body hanging over restore — putting your shoes back on. Footwear, and carry out.
劣	Few on top, strength underneath — only a little strength. Inferior.
那	A crooked shape with two strokes on the left and a village on the right. What.
殴	A ward on the left, a weapon on the right, swinging. Hit.
娠	A woman on the left, a dragon on the right — something stirring inside. Pregnancy.
奉	Three lines over a person with arms spread wide, lifting something up. Offer.
憂	A head and a heart under a cover, with dragging feet below. Grief.
朴	A tree on the left, fortune-telling on the right — a simple plain stick. Plain.
亭	A lid over a mouth, a cover and a nail — a little roofed shelter. A pavilion.
姓	A woman on the left, life on the right — the name you are born with. A surname.
筒	Bamboo on top, same underneath — bamboo hollow the same all the way through. A tube.
怪	A heart on the left, holy on the right — something odd and eerie. Suspicious, and a mystery.
粒	Rice on the left, stand on the right — each grain standing on its own. A grain.
偉	A person on the left, tanned leather on the right — a great person in leather boots. Great.
酔	A wine jar on the left, a soldier on the right — the soldier had too much. Drunk.
惜	A heart on the left, once upon a time on the right — missing the old days. Regret.
穫	Grain on the left, to measure on the right — measuring the grain you reap. Harvest.
佳	A person on the left, a square jewel on the right — a person like a jewel. Excellent.
潤	Water on the left, a leap year on the right — an extra day of rain. Moist.
悼	A heart on the left, eminent on the right — grieving for someone great. Mourn.
乏	A slash on top of setting out — setting out with almost nothing. Scarce.
該	Words on the left, the sign of the hog on the right — the very words in question. The said.
赴	Run wrapping under fortune-telling — running off where the fortune says. Proceed.
桑	Three hands up in a tree — picking mulberry leaves. Mulberry.
髄	A skeleton on the left; possess and a road on the right — what the bones have deep inside. Marrow.
虎	Tiger stripes hanging over legs. A tiger.
盆	Part on top, a dish underneath — the dish that is shared out. A tray, and a festival.
穂	Grain on the left, favor on the right — a lucky ear of grain. An ear of grain.
壮	Split wood on the left, a scholar on the right — a strong scholar chopping wood. Robust.
堤	Earth on the left, correct on the right — earth piled up just right. An embankment.
飢	Food on the left, a table on the right — an empty table. Starve.
傍	A person on the left, side on the right — standing at your side. Beside.
疫	Sickness hanging over a weapon — sickness striking everyone. An epidemic.
累	A rice field on top, thread underneath — field after field strung together. Pile up.
痴	Sickness hanging over know — sick of knowing nothing. Foolish.
搬	A hand on the left, a carrier on the right — carrying it by hand. Transport.
畳	A rice field on top, a cover and a pile underneath — mats piled up in layers. Tatami, and fold.
癒	Sickness hanging over recover — getting well again. Heal.
郭	Enjoy on the left, a village on the right — the walled village you are safe in. An enclosure.
尿	Body hanging over water. Urine.
凶	A container holding a cut — a bad thing trapped in a box. Bad luck.
吐	A mouth on the left, earth on the right — spitting on the ground. Spit, and vomit.
宴	A roof on top, the sun and a woman underneath — a party under the roof all day. A banquet.
賓	A roof over a few shells — only a few special guests. A guest.
虜	Tiger stripes hanging over a man — caught by the tiger. A captive.
膚	Tiger stripes hanging over a stomach — stripes on the skin. Skin.
陶	A hill on the left; wrap round earthenware on the right. Pottery.
鐘	Metal on the left, a youngster on the right, ringing it. A bell.
憾	A heart on the left, feeling on the right — a heavy feeling in the heart. Regret.
畿	Tiny threads and a halberd guarding a field — the land round the capital. The capital region.
弥	A bow on the left, you on the right — you pulling the bow further and further. All the more.
昆	The sun on top, compare underneath — creatures lined up side by side in the sun. Insects, and descendants.
粗	Rice on the left, a pile on the right — a rough pile of rice. Coarse.
訂	Words on the left, a nail on the right — nailing the words down correctly. Revise.
尻	Body hanging over nine. The bottom.
傘	A person on top of two people and two people, with ten below — everyone under one cover. An umbrella.
騎	A horse on the left, strange on the right — a strange figure up on the horse. Ride.
寧	A roof over a heart, a dish and a nail, calm and quiet. Peaceful, and rather.
濯	Water on the left, a pheasant on the right, splashing about. Wash.
循	Step on the left, a shield on the right — walking behind the shield in order. Follow.
忍	A blade on top, a heart underneath — bearing the blade over your heart. Endure.
猫	A dog on the left, a seedling on the right — the animal curled up in the seedlings. A cat.
怠	A pedestal on top, a heart underneath — a heart sitting back on its pedestal. Lazy.
如	A woman on the left, a mouth on the right — saying it just like she does. Like.
寮	A roof on top, a bonfire underneath — everyone living under one roof round the fire. A dormitory.
塔	Earth on the left, adzuki beans on the right — beans piled up high. A tower.
沸	Water on the left, a dollar on the right — water bubbling up. Boil.
鉛	Metal on the left, a marsh on the right — the heavy grey metal that sinks in the marsh. Lead.
珠	A king on the left, vermilion on the right — a king's red jewel. A pearl.
凝	Ice on the left, doubt on the right — frozen in doubt. Congeal.
苗	Grass on top, a rice field underneath — young plants in the field. A seedling.
獣	Small, a rice field and a mouth on the left, a dog on the right — the animals from the fields. A beast.
哀	A lid and clothes wrapped round a mouth, crying. Sorrow.
跳	A foot on the left, an omen on the right — jumping at the omen. Leap.
匠	A box with an axe inside — the craftsman's toolbox. An artisan.
菓	Grass on top, fruit underneath. Sweets.
蛇	An insect on the left, a serpent on the right. A snake.
澄	Water on the left, climb on the right — climb high where the water runs clear. Clear.
縫	Thread on the left, encounter on the right — thread bringing the two sides together. Sew.
僧	A person on the left, formerly on the right — the one who was once someone else. A monk.
幾	Two tiny threads over a person and a halberd, counting how many. How many.
眺	An eye on the left, an omen on the right — watching for omens. Gaze.
唐	A lean-to hanging over a hand and a mouth. China.
呉	A mouth on top of a figure leaning with arms spread, handing something out. Give.
凡	A table shape with one dot inside it, nothing special. Ordinary.
憩	A tongue on the left, and breath over a heart on the right — sitting to catch your breath. Rest.
溝	Water on the left, put together on the right — channels joined together. A ditch.
恭	Together on top, heart underneath — everyone's heart bowing together. Respectful.
刈	Cut on the left, a knife on the right. Reap.
睡	An eye on the left, droop on the right — eyelids drooping. Sleep.
錯	Metal on the left, once upon a time on the right — old metal all mixed up. Confused.
伯	A person on the left, white on the right — the white-haired eldest of the family. An uncle, and a count.
帽	Cloth on the left, risk on the right — the cloth you wear against the sun. A hat.
柿	A tree on the left, a market on the right — fruit sold at the market. Persimmon.
陵	A hill on the left, cross over on the right — the big mound you cross over. An imperial tomb.
霧	Rain on top, a task underneath — the rain hard at work hiding everything. Fog.
魂	A cloud on the left, a ghost on the right — a ghost drifting up like a cloud. The soul.
枯	A tree on the left, old on the right — an old tree drying out. Wither.
弊	Worn-out on top, twenty underneath — twenty worn-out old habits. Harm.
妃	A woman on the left, self on the right — the woman beside the king. A queen.
舶	A boat on the left, white on the right — a big white ship. A ship.
餓	Food on the left, ego on the right — I have no food. Starve.
腎	A retainer and a hand on top, the moon for flesh underneath. A kidney.
窮	A hole on top, bowing underneath — bent double in a tiny hole. Hard up.
掌	Esteem on top, a hand underneath — the flat of the hand. The palm.
麗	A deer with two graceful antlers on its head. Beautiful.
臭	Self on top, big underneath — a big nose. Smelly.
釜	Father on top, metal underneath — father's big metal pot. A cauldron.
悦	A heart on the left, exchange on the right — swapping sorrow for joy. Delight.
刃	A sword with a little dot on its edge. A blade.
縛	Thread on the left, to state to on the right — tied up with thread. Bind.
暦	A cliff hanging over a grove and the sun — the sun moving over the trees, day after day. A calendar.
宜	A roof on top, a pile underneath — a good pile of food under the roof. Good.
盲	Deceased on top, an eye underneath — an eye that no longer sees. Blind.
粋	Rice on the left, a soldier on the right — pure white rice. Chic, and pure.
辱	A dragon on top, measure underneath — measured and shamed. Humiliate.
轄	A cart on the left, harm on the right — the pin that stops the wheel doing harm. Control.
猿	A dog on the left, a long robe on the right — a creature in a long hairy coat. A monkey.
弦	A bow on the left, mysterious on the right — the bow's humming string. A string.
窒	A hole on top, arrive underneath — something arrives and blocks the hole. Block.
炊	Fire on the left, a yawn on the right — the fire yawning up. Cook rice.
洪	Water on the left, together on the right — all the water together at once. A flood.
摂	A hand on the left, and two ears side by side on the right, taking it all in. Take in.
飽	Food on the left, a parcel on the right — a whole parcel of food. Full up.
冗	A cover over a table — something extra left lying around. Superfluous.
涼	Water on the left, capital on the right — cool water in the city. Cool.
桃	A tree on the left, an omen on the right — the lucky fruit tree. A peach.
狩	A dog on the left, guard on the right — the dog on guard. Hunt.
舟	A long hull with a dot and two lines for the seats inside. A boat.
朱	A tree with an extra slash at the top and a line through its middle. Vermilion.
渦	Water on the left, a crooked mouth on the right — water twisting round. A whirlpool.
紳	Thread on the left, state on the right — the sash that shows your rank. A gentleman.
枢	A tree on the left, a ward on the right — the wooden pin the whole ward turns on. A pivot.
碑	Stone on the left, lowly on the right — a stone set low in the ground. A monument.
鍛	Metal on the left, steps on the right — hammering metal step by step. Forge, and train.
鼓	A drum on the left, a branch on the right, beating it. A drum.
裸	Clothes on the left, fruit on the right — clothes peeled off like fruit skin. Naked.
符	Bamboo on top, adhere underneath — a bamboo tag stuck on. A sign.
猶	A dog on the left, a chieftain on the right — the chief hesitating. Still.
塊	Earth on the left, a ghost on the right — a ghostly lump of earth. A lump.
旋	A flag on the left, and a foot underneath the flag on the right, going round. Rotate.
幣	Worn-out on top, cloth underneath — worn-out cloth money. Currency.
膜	The moon for flesh on the left, must not on the right — a thin skin you must not tear. Membrane.
扇	A door hanging over feathers — flapping like a door. A fan.
脇	The moon for flesh on the left, combined strength on the right — the muscle under the arm. The side.
憎	A heart on the left, formerly on the right — an old grudge. Hate.
槽	A tree on the left, clerks on the right — a wooden tub. A vat.
鍋	Metal on the left, a crooked mouth on the right — a metal pot with a crooked lip. A pot.
慈	Grass over tiny threads, and a heart underneath, tender and caring. Mercy.
肯	Stop on top, the moon for flesh underneath — stopping and nodding. Agree.
伐	A person on the left, a halberd on the right. Cut down.
漬	Water on the left, blame on the right — leaving it soaking. Pickle.
燥	Fire on the left, chirping of birds on the right — birds chirping in the dry heat. Dry up.
糾	Thread on the left, a twisted cord on the right. Twist.
墳	Earth on the left, decorate on the right — a decorated mound of earth. A tomb.
坪	Earth on the left, even on the right — a flat patch of earth. A unit of area.
畜	Mysterious on top, a rice field underneath — animals kept on the farm. Livestock.
紺	Thread on the left, sweet on the right — deep blue thread. Navy blue.
慌	A heart on the left, wild on the right — a heart in a wild panic. Flustered.
娯	A woman on the left, give on the right — giving everyone a good time. Recreation.
羅	A net on top, tie underneath — thread tied into a net. Gauze.
坊	Earth on the left, direction on the right — the little boy running in every direction. A boy, and a priest.
# ---- secondary 5 (8-5) ----
峡	A mountain on the left, sandwiched on the right — squeezed between two mountains. A gorge.
俸	A person on the left, observance on the right — what is handed to the person for their service. A salary.
厘	A cliff hanging over a village — something tiny in the shadow of the cliff. One hundredth.
峰	A mountain on the left, come across on the right — you come across the top at last. A peak.
醸	A wine jar on the left, help on the right — helping the wine along. Brew.
弔	A bow with one long line hanging straight down through it, laid down in mourning. Condolences.
乙	One stroke bent round like a swan's neck. Second, and stylish.
汁	Water on the left, ten on the right — ten things boiled in water. Soup.
尼	Body hanging over a spoon — the nun bent over her bowl. A nun.
遍	The road running under flat — the flat road going everywhere. Everywhere.
衡	A crossroads with a fish-like shape and big in the middle — weighing everything evenly. Balance.
薫	Grass and heavy on top, fire underneath — heavy scented smoke rising through the grass. Fragrant.
瓦	A flat line over a curving shape with a hook, like a roof tile. A tile.
猟	A dog on the left, a rat on the right — the dog chasing the rat. Hunting.
款	A scholar over an altar on the left, a yawn on the right — the scholar reading out each item. An article.
閲	A gate enclosing exchange — everything checked at the gate. Inspect.
偵	A person on the left, upright on the right — a person standing very still, watching. Spy.
喝	A mouth on the left, why on the right — shouting "why?". Scold.
敢	An ear-like shape with a hand on top and a strike on the right, going for it. Daring.
胎	The moon for flesh on the left, a pedestal on the right — the place a baby rests. The womb.
酵	A wine jar on the left, filial piety on the right — old wine looked after well. Ferment.
憤	A heart on the left, decorate on the right — a heart puffed up with anger. Resent.
豚	The moon for flesh on the left, a pig on the right. Pork.
遮	The road under commoner — the ordinary folk blocking the road. Block.
扉	A door hanging over not — a door that is not open. A door.
硫	Stone on the left, a pennant on the right — the yellow stone that flies a yellow flag. Sulphur.
赦	Red on the left, strike on the right — red-faced, and let off. Pardon.
挫	A hand on the left, sit on the right — sitting down hard on your hand. Sprain.
挟	A hand on the left, sandwiched on the right — pinched in between. Hold between.
窃	A hole on top, slice underneath — slicing a hole to sneak in. Steal.
泡	Water on the left, a parcel on the right — little parcels of air in water. Bubbles.
又	A hand shape with its fingers folded over — and again. Again.
慨	A heart on the left, already on the right — the heart already heavy. Deplore.
紡	Thread on the left, direction on the right — spinning thread in one direction. Spin.
恨	A heart on the left, stopping on the right — a heart stuck on something. A grudge.
肪	The moon for flesh on the left, direction on the right — the fat spreading in every direction. Fat.
扶	A hand on the left, a husband on the right — giving a hand to the husband. Help.
戯	Void on the left, a halberd on the right — waving a halberd at nothing. Play.
忌	Self on top, heart underneath — a heart turned in on itself. Loathe, and mourn.
濁	Water on the left, a caterpillar on the right, stirring up the mud. Muddy.
奔	Big on top, plants underneath — a big figure dashing through the plants. Run.
斗	Two dots and a long ladle handle cut across. A dipper.
迅	The road under fly fast — flying down the road. Swift.
肖	Small on top, the moon for flesh underneath — a small copy of you. Resemble.
鉢	Metal on the left, origin on the right — the metal bowl everything starts in. A bowl.
朽	A tree on the left with a thin bent twig on the right, rotting away. Decay.
殻	A husk on the left, a weapon on the right, cracking it open. A shell.
享	A lid over a mouth and a child — a child with food to enjoy. Enjoy.
藩	Grass on top, water on the left and a turn of fields on the right — the lord's lands. A domain.
沙	Water on the left, few on the right — where only a little water is left. Sand.
曇	The sun on top, a rain cloud underneath — the sun behind a cloud. Cloudy.
媒	A woman on the left, someone on the right — the woman who introduces you to someone. A go-between.
鶏	A captive on the left, a bird on the right — the bird kept in the yard. A chicken.
禅	An altar on the left, simple on the right — simple quiet at the altar. Zen.
嘱	A mouth on the left, belong on the right — telling someone what belongs to them now. Entrust.
胴	The moon for flesh on the left, same on the right — the part that is the same all the way down. The torso.
迭	The road under lose — one loses their place and another takes it. Alternate.
挿	A hand on the left, and on the right a thousand over a sun, sliding something in. Insert.
嵐	A mountain on top, wind underneath — wind roaring off the mountain. A storm.
椎	A tree on the left, a small bird on the right, pecking at it. An oak, and a spine.
陪	A hill on the left, spit on the right — walking up the hill beside someone. Accompany.
剖	Spit on the left, a knife on the right — cutting it open. Dissect.
譜	Words on the left, everywhere on the right — music written out for everyone. A score.
悠	Relaxed on top, a heart underneath — a heart in no hurry. Leisurely.
淑	Water on the left, an uncle on the right — a calm, gentle uncle. Graceful.
帆	Cloth on the left, ordinary on the right — ordinary cloth that catches the wind. A sail.
暁	The sun on the left, high on the right — the sun coming up high. Dawn.
傑	A person on the left, a roost on the right — the person at the top of the perch. Excellent.
奴	A woman on the left, a hand on the right, fetching and carrying. A guy, and a servant.
誰	Words on the left, a small bird on the right — the little bird chirping "who?". Who.
錠	Metal on the left, determine on the right — metal that decides who gets in. A lock, and a tablet.
拳	A hand at the bottom with two lines and spread arms folded tightly over it. A fist.
遷	The road running under a cover with a big figure on top, packing up and moving on. Move.
拙	A hand on the left, exit on the right — a hand that keeps letting things fall out. Clumsy.
侍	A person on the left, a Buddhist temple on the right — the one who waits on the temple. A samurai.
峠	A mountain on the left, above over below on the right — up one side and down the other. A mountain pass.
篤	Bamboo on top, a horse underneath — a patient, kind horse. Kind, and serious.
渇	Water on the left, why on the right — why is there no water? Thirst.
俺	A person on the left, a canopy on the right — me, under my own canopy. I.
叔	Beans on the left, a hand on the right, picking them. An uncle.
雌	Here on the left, a small bird on the right — the hen sitting here on her eggs. Female.
堪	Earth on the left, extremely on the right — standing extremely firm on the ground. Endure.
叙	Surplus on the left, a hand on the right — handing out every detail. Narrate.
酢	A wine jar on the left, suddenly on the right — the wine suddenly turned sour. Vinegar.
吟	A mouth on the left, now on the right — singing now. Recite.
逓	The road running under a crouching tiger-like shape, passing it on. Relay.
痕	Sickness hanging over stopping — the mark left behind when it stops. A scar.
袖	Clothes on the left, reason on the right — the reason clothes have arms. A sleeve.
甚	Sweet on top, a pair underneath — a pair of sweets, very much. Very.
妖	A woman on the left, a bent figure on the right — an eerie, bewitching figure. Bewitching.
闇	A gate enclosing sound — only sound gets through the gate at night. Darkness.
崇	A mountain on top, religion underneath — worshipping at the mountain temple. Revere.
漆	Water on the left, lacquer on the right — the dripping lacquer. Lacquer.
岬	A mountain on the left, armor on the right — the armoured tip of the land. A cape.
癖	Sickness hanging over law — something you do again and again without meaning to. A habit.
愉	A heart on the left, a dugout canoe on the right — a heart floating along happily. Pleasant.
捉	A hand on the left, a foot on the right — grabbing it by the foot. Catch.
礁	Stone on the left, scorch on the right — the rocks under the burning sun. A reef.
屯	A line with a sprout curling up through it, digging in. Barracks.
姻	A woman on the left, cause on the right — the reason two families join. Marriage.
賭	A shell on the left, a person on the right — a person betting money. Gamble.
擬	A hand on the left, doubt on the right — copying it when in doubt. Imitate.
塀	Earth on the left, a screen on the right — an earth wall screening the house. A wall.
唇	A dragon on top, a mouth underneath — the lips of the dragon's mouth. Lips.
睦	An eye on the left; earth, legs and earth on the right — looking kindly at the neighbours. Friendly.
閑	A gate enclosing a tree — sitting under the tree by the gate with nothing to do. Leisure.
幽	A mountain shape with two tiny threads tucked inside, faint and deep. Secluded.
曹	Bend on top, the sun underneath — clerks bent over their desks all day. Officials.
詠	Words on the left, eternity on the right — words that last forever. A poem.
卑	A field-like head with a slash, over ten — bowing low. Lowly.
侮	A person on the left, every on the right — looking down on everyone. Despise.
鋳	Metal on the left, long life on the right — metal cast to last. Cast.
抹	A hand on the left, tip on the right — rubbing it out to the tip. Erase.
尉	Body hanging over an altar, with measure on the right — the officer standing guard. An officer.
隷	A scholar over an altar on the left, extend on the right — the one reaching out to serve. A servant.
禍	An altar on the left, a crooked mouth on the right — twisted words at the shrine. Disaster.
酪	A wine jar on the left, each on the right — each jar full of milk. Dairy.
茎	Grass on top, holy underneath — the grass's holy backbone. A stem.
汎	Water on the left, ordinary on the right — water spread over everything. Pan-.
頃	A spoon on the left, a head on the right — about spoon-time. Around then.
帥	A slash and a tall shape on the left, and cloth on the right — the flag of the commander. Commander.
逝	The road under fold — folding up and going away down the road. Pass away.
滴	Water on the left, a stalk on the right — water dripping off the stalk. Drip.
謎	Words on the left, lost on the right — words that leave you lost. A riddle.
匿	A hiding box round young — keeping the young safe in hiding. Hide.
爪	A hand hanging down with three long curved nails. A claw.
鍵	Metal on the left, build on the right — the metal piece that opens the building. A key.
襟	Clothes on the left, forbidden on the right — the part of your clothes you must not tug. A collar.
蛍	Small and a cover on top, an insect underneath — a small light glowing under a cover. A firefly.
寡	A roof over self and part — only part of the family left. Few, and a widow.
痢	Sickness hanging over profit — a stomach that profits nothing. Diarrhoea.
庸	A lean-to hanging over a hand and use — everyday use. Ordinary.
坑	Earth on the left, high spirits on the right — digging down deep. A pit.
藍	Grass on top, oversee underneath — the grass that dyes blue. Indigo.
賊	A shell on the left, a warrior on the right — a warrior grabbing the money. A thief.
搾	A hand on the left, narrow on the right — squeezing it narrow. Squeeze.
臼	A bowl shape split down the middle, with a notch in each side. A mortar.
畔	A rice field on the left, half on the right — the ridge between the fields. A bank.
唄	A mouth on the left, a shell on the right — singing about shells. A song.
孔	A child on the left, a hook on the right — a hook poking a hole. A hole.
呂	A mouth on top, a slash and a mouth underneath — two joined together. A spine.
拷	A hand on the left, consider on the right — hands pressing until you talk. Torture.
嬢	A woman on the left, help on the right — the young lady who helps. A girl.
渓	Water on the left, a captive on the right — water trapped between the hills. A mountain stream.
翁	Public on top, feathers underneath — the old man with feathery white hair. An old man.
廉	A lean-to hanging over combine — lots of things combined at a cheap price. Cheap, and honest.
牙	A zigzag like a tooth with a long hook going down. A tusk.
謹	Words on the left, and grass over a sticky clay shape on the right — speaking carefully. Respectfully.
瞳	An eye on the left, a youngster on the right — the child in your eye. The pupil.
湧	Water on the left, courage on the right — water bravely bubbling up. Gush.
窯	A hole on top, a lamb underneath — the hole you cook lamb in. A kiln.
褒	Clothes wrapped round a person protecting a child — praise for the carer. Praise.
醜	A wine jar on the left, a ghost on the right — a ghostly face after the wine. Ugly.
升	A long hooked stroke crossed by a line, with a little tick beside it. A measuring box.
殉	A bone on the left, ten days on the right — laid down for ten days of mourning. Martyrdom.
煩	Fire on the left, a head on the right — a burning headache. Worry.
枕	A tree on the left, wander on the right — resting your head after wandering. A pillow.
劾	The sign of the hog on the left, strength on the right — the hog forcing the truth out. Impeach.
堕	A hill on the left, and something falling on to earth below on the right. Fall.
丼	A well frame with one dot dropped in the middle. A bowl.
租	Grain on the left, a pile on the right — the pile of grain you pay. Tax.
桟	A tree on the left, small on the right — small wooden planks. A scaffold.
惧	A heart on the left, a tool on the right — a heart scared of the tool. Fear.
婿	A woman on the left, helpers on the right — the new helper joining her family. A son-in-law.
慕	Must not on top, a heart underneath — you must not show it, but your heart longs. Yearn.
罷	A net on top, ability underneath — catching all your ability and stopping it. Quit.
矯	An arrow on the left, tall on the right — straightening the tall arrow. Correct.
某	Sweet on top, a tree underneath — a certain sweet fruit tree. A certain.
囚	An enclosure with a person trapped inside. A prisoner.
虹	An insect on the left, craft on the right — the sky crafted into colours. A rainbow.
泌	Water on the left, invariably on the right — water always seeping. Ooze.
漸	Water on the left, chop on the right — water wearing away bit by bit. Gradually.
膳	The moon for flesh on the left, virtuous on the right — a good meal laid out. A tray.
蚊	An insect on the left, writing on the right — an insect drawing lines on you. A mosquito.
厄	A cliff hanging over a seal — a rock about to fall. Bad luck.
藻	Grass on top, wash underneath — grass washed about in the water. Seaweed.
嫡	A woman on the left, a stalk on the right — the main stem of the family. Legitimate heir.
呪	A mouth on the left, an elder brother on the right — the big brother muttering a spell. A curse.
斬	A cart on the left, an axe on the right, chopping. Cut down.
怨	Curled up on top, a heart underneath — a heart curled up with a grudge. Resentment.
串	Two boxes threaded on one stick. A skewer.
嚇	A mouth on the left, blazing on the right — a blazing shout. Threaten.
凸	A block with a square bump sticking up out of the middle. Convex.
腫	The moon for flesh on the left, heavy on the right — flesh gone heavy and puffy. A swelling.
韻	Sound on the left, employee on the right — sounds that line up together. Rhyme.
# ---- secondary 6 (8-6) ----
霜	Rain on top, mutual underneath — the rain and the cold meeting overnight. Frost.
餅	Food on the left, side by side on the right — sticky cakes lined up side by side. Rice cake.
硝	Stone on the left, resemblance on the right — a stone that looks like salt. Saltpetre.
箸	Bamboo on top, a person underneath — the bamboo sticks a person eats with. Chopsticks.
勅	A bundle on the left, strength on the right — orders with all the emperor's strength behind them. An imperial order.
棺	A tree on the left, an official on the right — the official's wooden box. A coffin.
儒	A person on the left, demand on the right — the teacher everyone asks for. Confucian.
斑	A king on the left, writing in the middle and a king on the right — two kings with patterned robes. Spots.
摯	Grasp on top, a hand underneath — gripping with both hands, in earnest. Sincere.
愁	Autumn on top, a heart underneath — the sad heart of autumn. Sorrow.
楼	A tree on the left, entangle on the right — beams tangled up high. A tower.
眉	A curved line over an eye, drawn on the brow. An eyebrow.
薪	Grass on top, new underneath — newly cut sticks for the fire. Firewood.
堆	Earth on the left, a small bird on the right — the bird on top of the heap. Piled high.
褐	Clothes on the left, why on the right — why are my clothes so brown? Brown.
賜	A shell on the left, easy on the right — money given easily. Bestow.
繕	Thread on the left, virtuous on the right — the good deed of darning it. Mend.
栓	A tree on the left, whole on the right — the wooden plug that makes it whole. A stopper.
芯	Grass on top, a heart underneath — the heart of the plant. A wick, and the core.
蜜	Quiet on top, an insect underneath — the quiet insect making something sweet. Honey.
凹	A block with a square notch cut into the middle of its top. Concave.
艶	Plenty on the left, color on the right — full of color. Glossy.
伺	A person on the left, a director on the right — calling on the director. Visit, and ask.
股	The moon for flesh on the left, a weapon on the right — where the legs split. The thigh.
匂	Wrap round a spoon — a spoon wrapped up with something smelly. Smell.
玩	A king on the left, beginning on the right — the king at the start, still playing. Play.
錬	Metal on the left, east on the right — metal refined in the eastern forge. Refine.
蜂	An insect on the left, come across on the right — an insect you come across buzzing. A bee.
衷	Clothes wrapped round a middle — what is deep inside. The inmost heart.
逐	The road under a pig — chasing the pig down the road. Pursue.
斥	An axe with one extra chip flying off. Reject.
詔	Words on the left, summon on the right — words that summon everyone. An imperial edict.
椅	A tree on the left, strange on the right — a strange wooden thing to sit on. A chair.
叱	A mouth on the left, seven on the right — telling someone off seven times. Scold.
挨	A hand on the left, with a figure and an arrow on the right, pushing in close. Push open, and greet.
憧	A heart on the left, a youngster on the right — a young heart dreaming. Long for.
宵	A roof on top, resemblance underneath — the house looking dim in the early night. Evening.
妄	Deceased on top, a woman underneath — a woman who sees things that are not there. Delusion.
酌	A wine jar on the left, a ladle on the right — ladling out wine. Pour sake.
餌	Food on the left, an ear on the right — food held up to the animal's ear. Bait.
頒	Part on the left, a head on the right — a part for every head. Distribute.
肢	The moon for flesh on the left, a branch on the right — the branches of your body. A limb.
謄	The moon, a pair of hands and words on the right, copying it all out. Copy.
脊	Crossed strokes stacked on top of the moon for flesh — the bones down your back. The spine.
嗣	A mouth over a book on the left, a director on the right — the one who reads the family book next. An heir.
凄	Ice on the left, a wife on the right — a chilly look from the wife. Uncanny.
嫉	A woman on the left, illness on the right — sick with envy. Jealous.
膝	The moon for flesh on the left, with a tree and water drops on the right. A knee.
恣	Next on top, a heart underneath — doing whatever your heart wants next. Selfish.
畝	A lid over a field, with a long sweeping stroke on the right — the ridges in the field. A furrow.
抄	A hand on the left, few on the right — picking out just a few bits. Extract.
麺	Barley wrapping round a face — a face full of noodles. Noodles.
戴	To cut wrapping round different — something different placed on your head. Receive.
爽	A big figure with four little crosses under its arms, fresh and airy. Refreshing.
裾	Clothes on the left, reside on the right — the bottom of your clothes where they sit. The hem.
惰	A heart on the left, left over the moon on the right — a heart left lying about. Lazy.
蛮	Also on top, an insect underneath — wild as a bug. Barbarian.
旺	The sun on the left, a king on the right — the sun shining like a king. Flourishing.
冥	A cover on top, the sun and six underneath — the sun covered over. Dark.
壱	A scholar on top, a cover and a spoon underneath — number one, written the formal way. One.
瑠	A king on the left, stay on the right — the king's blue gem that stays forever. Lapis lazuli.
侯	A person on the left and an arrow under a little roof on the right, a lord on guard. A lord.
麓	A grove on top, a deer underneath — deer in the woods at the foot of the hill. The foot of a mountain.
弧	A bow on the left, a melon on the right — the curve of both. An arc.
稽	Grain on the left, and on the right an old figure over something delicious, thinking it over. Consider.
蹴	A foot on the left, settle on the right — settling it with your foot. Kick.
訃	Words on the left, fortune-telling on the right — words of sad news. An obituary.
剥	A hand and water on the left, a knife on the right — peeling it off. Peel.
蓋	Grass on top, a lidded dish underneath. A lid.
畏	A rice field on top of a figure with a long trailing robe. Fear, and awe.
喉	A mouth on the left, a lord on the right — the lord clearing his throat. The throat.
附	A hill on the left, adhere on the right — stuck to the side of the hill. Attach.
但	A person on the left, daybreak on the right — but it is only dawn. However.
芋	Grass on top, going underneath — the plant whose roots go down deep. A potato.
拭	A hand on the left, style on the right — wiping it in style. Wipe.
頬	Sandwiched on the left, a head on the right — the part of your head between your ears and nose. Cheeks.
婆	Waves on top, a woman underneath — a woman with wavy grey hair. An old woman.
貼	A shell on the left, divination on the right — the fortune slip stuck on. Stick on.
倣	A person on the left, release on the right — letting yourself copy someone. Imitate.
諦	Words on the left, an emperor on the right — the emperor's word is final. Give up.
煎	In front on top, fire underneath — held in front of the fire. Roast.
緻	Thread on the left, deliver on the right — thread worked finely. Fine.
哺	A mouth on the left, a garden plot on the right — little mouths fed from the garden. Nurse.
罵	A net on top, a horse underneath — the horse caught in the net, shouting. Abuse.
乞	A person bent over a hooked stroke, begging. Beg.
倹	A person on the left, all together on the right — keeping everything together. Frugal.
嗅	A mouth on the left and a nose over a dog on the right, sniffing. Sniff.
蔑	Grass on top; a net and a garrison underneath — the garrison looking down on everyone. Despise.
繭	Grass on top; an open box with thread and an insect inside it. A cocoon.
且	A pile of three stacked boxes with a flat base. Moreover.
丙	A lid over an open box with a person inside. Third.
伎	A person on the left, a branch on the right — someone skilled with a branch. Skill.
侶	A person on the left, a spine on the right — someone who has your back. A companion.
傲	A person on the left, swagger on the right. Proud.
僅	A person on the left, and grass over a clay pile on the right — only a tiny bit. Only a little.
冶	Ice on the left, a pedestal on the right — cooling metal on a stand. Smelting.
刹	Cut and a tree on the left, a knife on the right. A temple, and an instant.
勃	A comet on the left, strength on the right — rising up suddenly. Sudden.
勾	Wrap round private — something bent round and held. Bent.
吏	One line over a mouth with a figure stretched out beneath it. An official.
咽	A mouth on the left, cause on the right — what causes you to choke. The throat.
唾	A mouth on the left, droop on the right — drool dripping down. Saliva.
喩	A mouth on the left, a dugout canoe on the right — words that carry the meaning across. A metaphor.
嘲	A mouth on the left, morning on the right — laughing at someone who got up late. Ridicule.
塑	New moon on top, earth underneath — shaping earth like the moon. Model.
塞	A roof over stacked lines and a pair of hands, with earth at the bottom. Block up.
填	Earth on the left, true on the right — filling it right in. Fill in.
墾	A badger and stopping on top, earth underneath — the badger clearing new ground. Break new ground.
妬	A woman on the left, stone on the right — a heart turned to stone. Jealous.
宛	A roof on top, curled up underneath — the house where someone is curled up waiting for your letter. Address.
崖	A mountain on top, a precipice underneath. A cliff.
巾	A tall open shape with one line hanging down through it. A cloth.
弄	A king on top, twenty underneath — twenty hands playing with the king. Toy with.
弐	A stake with two lines under it — the formal way to write two. Two.
彙	A pig's head on top, a cover and fruit underneath — everything gathered together. Collect.
慄	A heart on the left, a chestnut on the right — a prickly shiver. Shudder.
憬	A heart on the left, scenery on the right — longing for the view. Yearn.
戚	A pole-axe with beans tucked in it — the family gathered round. Relatives.
拉	A hand on the left, stand on the right — grabbing someone standing there. Drag off.
拶	A hand on the left; a stream over evening on the right — pushing forward. Close in, and greet.
捗	A hand on the left, walk on the right — work walking along nicely. Make progress.
捻	A hand on the left, wish on the right — twisting it just how you wish. Twist.
斤	A hanging shape with a blade striking down. An axe.
旦	The sun on top of one line — the sun just over the horizon. Dawn.
昧	The sun on the left, not yet on the right — the sun not yet up. Dark.
曖	The sun on the left, love on the right — love that is not quite clear yet. Vague.
朕	The moon on the left, a frontier pass on the right. We (the emperor).
柵	A tree on the left, a book on the right — sticks lined up like the pages of a book. A fence.
桁	A tree on the left, a crossroads on the right — the beam across. A girder, and a digit.
梗	A tree on the left, grow late on the right — the stem that grew late. Stem, and roughly.
楷	A tree on the left, all on the right — writing all the strokes neatly. Block writing.
毀	A mortar over earth on the left, a weapon on the right, smashing it. Break.
氾	Water on the left, a seal on the right — water spreading past the seal. Overflow.
汰	Water on the left, plump on the right — washing out the fat. Sift.
沃	Water on the left, a bent figure on the right — land bending under the water. Fertile.
淫	Water on the left, and a claw over a figure on the right, going too far. Indecent.
溺	Water on the left, weak on the right — too weak to swim. Drown.
潰	Water on the left, precious on the right — the precious thing crushed under water. Crush.
濫	Water on the left, oversee on the right — water spilling out while no one watches. Overflow.
爵	A claw on top of a net, stopping and measure — the ranks handed out. Peerage.
璃	A king on the left, a rare beast on the right — the rare, glassy jewel. Glass.
璧	Law on top, a jewel underneath — the round jade given by law. A jade disc.
璽	You on top, a jewel underneath — your jewel seal. The imperial seal.
痘	Sickness hanging over a bean — spots like little beans. Smallpox.
痩	Sickness hanging over an old man, thin as a rail. Get thin.
瘍	Sickness hanging over sunbeams — a hot swelling. A sore.
瞭	An eye on the left, a bonfire on the right — seeing clearly by firelight. Clear.
窟	A hole on top, crouch underneath — crouching in the hole. A cave.
箇	Bamboo on top, harden underneath — hard bamboo pieces to count. A counter for items.
箋	Bamboo on top, scraps underneath — slips of bamboo for notes. A notelet.
籠	Bamboo on top, a great dragon underneath — a bamboo cage for the dragon. A basket.
綻	Thread on the left, determine on the right — the thread decides to split. Come apart.
羞	A sheep and a slash on top, an ox underneath — the sheep blushing next to the ox. Shy.
羨	A sheep on top, water and a yawn underneath — drooling over the sheep. Envy.
耗	A plough on the left, fur on the right — the plough wearing the fur thin. Wear away.
肘	The moon for flesh on the left, measure on the right — measuring with your elbow. The elbow.
腺	The moon for flesh on the left, a spring on the right — where the body springs little leaks. A gland.
臆	The moon for flesh on the left, an idea on the right — an idea in your gut. Timid.
舷	A boat on the left, mysterious on the right — the dark edge of the boat. The side of a ship.
苛	Grass on top, can underneath — prickly grass. Harsh.
萎	Grass on top, entrust underneath — grass left to itself, drooping. Wither.
蔽	Grass on top, worn-out underneath — old grass covering it over. Cover.
虞	Tiger stripes hanging over give — the tiger might give you a fright. Fear.
詣	Words on the left, delicious on the right — sweet words at the shrine. Visit a temple.
詮	Words on the left, whole on the right — the whole point in words. Explain.
諧	Words on the left, all on the right — everyone's words in harmony. Harmony.
謁	Words on the left, why on the right — asking the king why. An audience.
貌	A badger on the left, looks on the right — the badger's face. Appearance.
貪	Now on top, a shell underneath — wanting money right now. Greedy.
賂	A shell on the left, each on the right — money for each of them. A bribe.
賦	A shell on the left, military on the right — money for the army. A levy.
踪	A foot on the left, religion on the right — following the footprints. A trace.
辣	Spicy on the left, a bundle on the right — a whole bundle of spice. Hot and harsh.
遜	The road under a grandchild — stepping aside for the grandchild. Humble.
遡	The road under a new moon — going back to the new moon. Go back upstream.
遵	The road under revered — following the revered path. Obey.
酎	A wine jar on the left, measure on the right — a measure of strong drink. Shochu.
醒	A wine jar on the left, a star on the right — waking up under the stars. Sober up.
采	A claw on top, a tree underneath — plucking it off. Gather, and appearance.
錮	Metal on the left, harden on the right — locked up hard. Confine.
隙	A hill on the left, and small, the sun and small again on the right, peeking through. A gap.
頓	Barracks on the left, a head on the right — bowing the head suddenly. Suddenly.
顎	Startled on the left, a head on the right — your jaw drops. The jaw.
骸	A skeleton on the left, the sign of the hog on the right. Remains.
鬱	Earthenware and a tree either side of it, a cover, fragrant herbs and hair all packed in. Gloom.
